id,tier,title,gates,depends_on,status,note,wave
I-01,1,시간집계 정리 검정,G6,,GO,PanelA 등가성 성립(연간 소멸) / PanelB 타이밍흐림 예측 반증 / 1월몰림 2.66배 -> I-14 | I-14 결과: 주주명부로 1월 대치 확증/반증 불가(연1회 해상도) — 미해결 유지,W1
I-02,1,hazard 전환 (cloglog),G6,,GO,"HR=1.1593 [1.083,1.2409] p=2e-05 / 형태(장기집중 vs 균일) 미결 tri-HR 1.18 [0.93,1.50]",W1
I-03,1,"(S,s) 밴드폭 추정",G6,I-02,KILL,"(S,s) 밴드축소 미검출 trigger gap DiD -0.0013[-0.0038,0.0011]; 단 최대도달갭 -0.0258[-0.0416,-0.0095]✓ -> '비용하락'이 아니라 '비주의 제거' 판별. I-02 음의 지속기간의존성은 기업FE로 해소(-0.645->+0.069)",W1
I-04,1,실적 앵커,G7;G6,,PARTIAL,"3판. 정본 v3(부가가치): logVA +0.0778✓/+0.0795✓, VA/인원 등가성 성립(δ=0.10) 전지평, 자산 +0.23✓, 매출·생존 등가성 성립, ROA 미검출 -> '비례 확장, 효율개선 아님'. v1 '생산성 하락'은 분모(고용+0.1518✓) 기계효과로 해부. 🚩생존 T3-T1 h+4 -0.136✓ 불리(단 폐업/피인수 미구별) | 주지평 h+3 확정(PI 승인). h+4는 확장강건성 유지. 생존 불리결과는 Šidák(4) p=0.074로 소멸. 문헌근거 [EVIDENCE REQUIRED]",W5
I-05,1,Exit 가역성,G1;G5,I-14,PARTIAL,"n=13(수동EXIT 8+자동5). sum CI [-0.212,0.034]가 완전가역(0)·비가역(-0.0715) 모두 포함 -> 판별 불가 확정. 사전기록 MDE와 일치. 원고: '가역성 판정 불가'만 서술 가능. SPC가드 과잉(의심 6중 4건이 실제 EXIT) 교훈 기록",W3
I-06,2,not-yet-treated 붕괴 해부,G6,,PARTIAL,"'붕괴' 미확립: S1-S4 P1 차이 -0.0287[-0.130,0.071] 비유의. DiD는 두 표본 모두 무유의. -> 34-5에 §29 서술 정정 기록. not-yet-treated는 검정력 부족(양 표본 공통)",W2
I-07,2,CS/SA/BJS 강건추정량,G6,,PENDING,,W4
I-08,2,코호트 stacked + vintage,G6,I-07,PENDING,,W4
I-09,2,Synthetic DiD,G6,I-02,PENDING,,W4
I-10,2,무행동 SC/행렬완성,G6,I-09,PENDING,,W4
I-11,2,HonestDiD breakdown 승격,G6,,PARTIAL,"사전명시 월별 M̄=0 실패(분모가 잡음, 귀무 34백분위로 입증). 해상도 일치 분기 M̄=0.517(q-1)/0.658(사전평균). 주장상한='사전변동의 2/3까지 생존'",W2
I-12,2,설계기반 추론 2차원화,G6,,PENDING,,W6
I-13,2,무산·철회 딜 확장,G4,,PENDING,Deal Status 전부 Completed - BLOCKED 유력,W7
I-14,3,주주명부 시점+지분율 dose,G1;G3,,GO,"dose 231건(소수147/다수84, PB대비 5.6배): 다수 -0.0634✓ 소수 -0.0440✓ 차이 -0.0194✗(등가성 미성립) 연속기울기 0 → I-16 확증. 연도검증 18.7%로 1월문제 미해결. exit 44건.",W3
I-15,3,GP 펀드수명 = 타이밍 도구,G9;G8,,PARTIAL,"방향 유리: 효과가 선별여유 큰 딜(P1 -0.0426✗)이 아니라 집행압력 딜(P3 -0.0971✓)에 집중. hazard 삼중교호 1.2512[1.031,1.519]✓ -> 사적정보 시점선택 가설 반증. 단 P3-P1 등가성 미성립·비단조·연결 60%. IV 아님",W3
I-16,3,딜유형: 통제권 vs 자본,G2,,KILL,"통제권 가설 기각: 무채용비중 Buyout -0.0464 vs Growth -0.0453, 차이 -0.0011 등가성성립(d=0.046). hazard 차이 HR 1.035[0.906,1.184] 비유의. -> 'PE 효과는 통제권 이전을 요구하지 않는다'(counter-intuitive 자산)",W2
I-17,3,GP 고정효과/스폰서 스타일,G8;G1,I-16,KILL,"GP 성분 미검출: 분산 순열p 0.26, LOO b=+0.0703[-0.371,0.343] 순열p 0.28, 경험 비단조. 주장상한='검출 못함'(등가성 미성립). -> 34-11-A: 효과가 소유주 무관·대상상태 의존 = 평균회귀 위협 노출",W3
I-18,3,최초진입 GP vs 반복 GP,G8;G2,I-17,PENDING,,W3
I-19,3,경영권승계 대조 정식화,G1;G6,I-16,PARTIAL,"판별 실패. PE -0.0335✓ vs OWN +0.0050✗ 차이 -0.0385✓ 이나 positive control 실패(OWN이 고용수준도 안 움직임 rel +0.0024✗) -> 비교군 실재성 미확인. 하위유형 신호는 Šidák(6) 전부 소멸, 연속 dose 기울기 평탄. PE_SPEC 철회. 가족승계는 전 사양 0",W6
I-20,4,통제직접효과 CDE,G6,I-02,PENDING,I-03: 메커니즘은 비용하락이 아니라 비주의 제거 — CDE 해석시 반영,W5
I-21,4,재무여유 매개 (선행성),G7,,KILL,현금 매개 기각. 현금감소군(C1 -0.106)에서도 관성 -0.0631✓. 선행성 전부 ✗. -> 측정가능 매개변수 없음,W5
I-22,4,임금구조 매개,G6,,GO,"저임금유입 기각: 평균임금 +0.0096✓(고용 +0.0588✓ 중), 함의임금 비율 DiD +0.0086✗ δ=0.20 등가성, 구성효과 관측의 23%뿐 -> '순수 조정기술 변화' 서사 지지, 저널표적 유지",W5
I-23,4,채용 집중도 HHI/계절성,G6,,PENDING,,W5
I-24,4,조정 비대칭 (감원 hazard),G6,I-02,PENDING,I-03: 감원 hazard도 갭 조건부로 볼 것 (누적채용/고용 대칭 지표),W5
I-25,5,사전 관성수준 조절,G6,,GO,"최강 결과. 동일bin T3-T1 무채용 -0.0958[-0.159,-0.036]✓ 채용 +0.1387✓; hazard 삼중교호 1.204[1.021,1.421]✓ (고관성 HR 1.335 vs 저중 1.109). 평균회귀 차단이 오히려 강화. T1 주장상한='T3만한 효과 배제'",W2
I-26,5,지역 노동시장 경직도,G6,,PENDING,,W6
I-27,5,노동법 규모문턱 RD,G6,,PENDING,,W6
I-28,5,산업 숙련도/탐색비용,G6,,PENDING,,W6
I-29,6,표본분할 표본외 검증,G6,,PENDING,,W6
I-30,6,재선택 실험 기여 승격,-,,PENDING,I-11 부산물 합류: 미세해상도 RM breakdown 의 분모잡음 문제 — 방법론 노트 2번째 항목,W7
I-31,1,고관성 조건부 위약 (placebo-in-units | high-inertia),G6,I-25,GO,"최대 위협 제거. 고관성 위약 귀무 -0.0017[-0.0581,0.0441] vs 실제 -0.1110 RI p=0.0000. perm/tran 분해는 1SD -0.0319 vs -0.0326 동률 -> 판별 불가(양쪽 보고, 어느 쪽도 미주장)",W2b
I-32,1,효과 감쇠 (1회성 리뷰 vs 영구 체제변화),G6,I-25,PARTIAL,"1회성 리뷰 모형 기각(감쇠 미검출). 3년 지속 Y1 -0.046✓ Y2 -0.0532✓ Y3 -0.062✓. 부산물: 분기ES 사전 평탄+q2부터 유의 = Figure 1 / 점진 onset이 선택가설 반증 논거(I-15,I-31과 독립)",W2b
I-33,0,핵심축 검증 — 수준 vs 빈도 식별력,G6,,GO,'수준=선택' 기각. 수준도 고관성 위약 통과 RI p=0.0000. 빈도 3/3 vs 수준 2/3 근소우세 -> 주 결과 근거는 '선택여부'가 아니라 '방어범위',W0
I-34,0,외연/내연 마진 분해 (71% 대체),G6,,GO,'전적으로 외연' 기각. dlog 외연 +0.0999✓ 내연 +0.0656✓ 외연비중 0.604. 기존 71% 통계량은 분모상쇄로 폭발(-4.35) -> 폐기,W0
I-35,0,정본 수치 전수 재계산 (원고 수치 단일 출처),G6,,GO,기록 6건 중 5건 정확일치. 오류는 외연비중 1건뿐. T3-T1 표류는 사양차이로 판명. 원고는 이 절에서만 수치 인용,W0
I-36,0,hazard 회귀표 (중첩 4사양),G6,,GO,"저널 표 포맷용 적합통계. 주사양 pseudo-R2 0.505, clusters 379",W0
I-37,0,균형표 (Table 1 Panel D),G6,,GO,매칭 후 최대 |ND| 0.095 <0.25. 매칭 전/후 대비로 매칭 성과 제시,W0
I-38,0,빈도 기계성 검정 (리뷰 MC1),G6,,KILL,🔴 KILL. 초과 무채용 등가성 성립 -> 외연마진 전부 총량증가의 기계적 결과,W0
I-39,0,spell·집중도 벤치마크,G6,,KILL,"🔴 KILL. 4지표 모두 초과분 0 -> cadence 서사 전면 철회, 제목 변경 필요",W0
I-40,0,조절자 천장효과 + 36개월 집중도,G6,,GO,로그에서 조절자 생존(+0.347✓). 36개월서도 timing null 견고,W0
I-41,0,조절자 방어 (리뷰 §5.4),G6,,PARTIAL,유효 4관문 중 3(A·C·D). B 잔차화 미검출. **E 는 무효 게이트 — 통제변수가 종속변수 구성요소(I-44 가 규명)**. I41_RECLASS.json,W0
I-42,0,Δlog 조건부 위약 (최종판별),G6,,GO,🎯 T3 위약 +0.0101 vs 실제 +0.4177 RI p=0.0000; 기울기 RI p=0.005,W0
I-43,0,불변성 재계산 (Δlog 채용률),G6 G7 G8 G9,I-38 I-39 I-40,PARTIAL,딜유형 +0.094 등가✓ · 지분 +0.0006 · GP LOO -0.359 유의음수(순열 p 0.988) · 경험 +0.084. §8 하향,W0
I-44,0,상태변수 방어 (I-41 Panel E 정체 규명),G6,I-41,GO,미처치 1339 유사처치에서 조건부 부호반전 재현(-0.450) · 무조건 기울기는 0(+0.019) → 반전은 산술 인공물. 수렴타당도 3/4,W0
I-45,0,§8 검정력 재구성 (예측력 대결 + 공변량 조정),G6 G7 G8,I-43,PARTIAL,거래특성 결합 R2 0.0092(순열 p 0.64) vs 휴면 0.0406(p 0.013) · OOS -0.027 vs +0.013 · 조정 후 등가성 3/3,W0
I-46,0,휴면 vs 사전 물량 — 동일 비겹침 창 경마 (리뷰3 MC1),G6,I-44,PARTIAL,"휴면의 예측력은 전부 물량 성분. 물량정화 휴면 3분위 +0.003[-0.18,+0.19] · 물량5분위FE -0.066 · 잔차화 +0.063. 6관문 중 1",W0
I-47,0,상태변수 확정 (FWL 정합 조정 + 위약),G6,I-46,GO,"★ 상태변수 = 사전 채용률. FWL조정 +0.5650[0.210,0.968]✓ (휴면 +0.352[-0.079,0.829]✗). 미처치 위약 -0.0004",W0
I-48,0,결과대상 construct validity + 표본 flow (리뷰3 MC3),G6,I-47,PARTIAL,flow 752=168+120+75+10+379 정합✓ · stock-flow 상대오차 중앙 1.4% · 대오차월 배제 시 2/4 미검출(한계),W0
I-49,0,대조 재사용 감사 + 사전 재무제약 (리뷰3 §9.4·§8-4),G6 G7,I-47,GO,"재사용 최대 2·94.7% 1회 → 추론 영향 없음. 보수적 CI [0.184,0.941]✓. 사전 재무제약 4지표 전부 gradient 없음",W0
I-50,0,검정력 제고 — 풀링 ANCOVA·PPML·강건추정·암묵채용,G6,I-47,PARTIAL,winsor5/95 로 CI 반폭 27% 축소(+0.5372). 암묵채용 +0.4358✓. 고용가중 +1.4633✓. ANCOVA/PPML 은 추정대상이 달라 I-51 로 판별,W0
I-51,0,사양 판별 — 차분 강제 vs 자유 lag (처치·위약 동일사양),G6,I-50,PARTIAL,"★ 자유 lag 사양은 **위약에서도 -0.4357 유의 음수** — null 은 '효과없음'이 아니라 기계적 기준선. 처치-위약 +0.3834[0.029,0.738]✓",W0
I-52,0,헤드라인 확정 — 처치−위약 gradient 대비,G6,I-51,GO,"주사양 차이 +0.3626[0.0042,0.7631]✓ 경계. MDE 0.542 vs 관측 0.363 → 검정력 ~50%. 5사양 전부 양수",W0
I-53,0,무작위화 추론 — 위약 분포를 귀무로 직접 사용,G6,I-52,GO,"★ 주사양 관측 +0.4827 vs 귀무 +0.1173(SD 0.166), **RI p=0.0175** z=2.2. 5사양 중 4 유의, 5번째 0.057 경계",W0
I-54,0,남은 한계 보완 — 2차 결과대상·층화 RI·RI 기준 검정력,G6,I-53,PARTIAL,층화 RI 실패(귀무SD +14%). RI 기준 MDE 0.414 관측초과 0.365=0.88배(부트 0.67배보다 나음). ★고용 gradient 부재,W0
I-55,0,재배치 가설 — 채용·이직·총유량의 상태 gradient,G6,I-54,PARTIAL,채용 +0.483✓ · 이직 +0.213(p .253)✗ · 총유량 +0.281(p .082)경계 · 순증 +0.083✗ · 고용 -0.029(z-2.23). 재배치 미확인,W0
I-56,0,검정력 제고 — 상태균형 매칭 + 거울 위약 + 효율 개선,G6,I-53,GO,★ 설계 교정: 상태균형+거울 z 3.15 (현행 1.40). 분할표본 IV 감쇠비 0.437 → OLS 는 하한. 24개월창·역분산가중은 개선 없음,W0
I-57,0,두 번째 추정량(hazard) + 재배치 쌍대비,G6,I-56,PARTIAL,채용 z3.87 · churn z3.08 · 고용 z-2.60(반대방향 유의) · 쌍대비 채용-고용 z4.56. 이직 미검출(z1.17). hazard 3분위는 완전분리(균형매칭시 셀내 상수),W0
I-58,0,설계 교정 감사 — 상태균형 매칭의 이득 검증,G6,I-56,GO,"★ 공통표본 286 에서 현행 +0.4698(z2.07) vs 균형 +0.7101(z3.91) — 표본 아닌 설계. 분해: 처치 자기변화 동일(+0.8425), 대조군 기울기 +0.2950→+0.0056",W0
I-59,0,분모 오염 검정 (채용건수 vs 채용률),G6,I-58,GO,★ 채용건수(분자만) +0.6315 z2.56 · 고용통제 시 +0.6957 z4.20 — 비율 gradient 의 91% 가 분자. 분모 인공물 아님,W0
I-60,0,교정 설계 사양곡선,G6,I-58,GO,5사양 전부 유의 (RI p 0.0005~0.0125). 주사양 winsor5/95 +0.7101 z 3.96,W0
I-61,0,상태별 사전추세 (리뷰4 §8 · 리뷰3 MC2-3),G6,I-60,GO,"사전 4분기 전부 미검출, 평균 -0.0121 [-0.163, +0.131], 최대 |0.087|. 사후 평균 +0.126. 등가성 미성립",W0
I-62,0,검정력 라운드 3 — 결합검정·사전추세 기울기·매칭 변형,G6,I-60,GO,"★ 결합 RI (채용,churn,고용) 마할라노비스 28.35 vs 귀무 p95 7.60 → p 0.0005. 매칭 5변형 전부 유의(z 2.65~4.12). 사전추세 기울기도 등가성 미성립",W0
I-63,0,표본 확대 — 탈락 계측과 회수 레버,G6,I-62,GO,"탈락 53 상태창·17 셀·22 결과창. 상태창 ≥6개월 허용 시 n 286→310, z 3.96→4.57. 회수 24건 효과 +0.112(기존 +0.195) — 선택편의 반대방향. A+B+C 결합은 악화(z 2.29)",W0
I-64,0,사전추세 — 12개월 해상도 · 위약 상대 RI · gradient HonestDiD,G6,I-62,GO,"★ 12개월 해상도 사전 gradient +0.107 [−0.196, +0.435] vs 사후 +0.725 → 등가성 성립(여유 0.53/0.29). HonestDiD M̄ 3.13. 위약 사전 gradient +0.391 > 처치 +0.107 (z −2.09)",W0
