claim_id,exhibit,claim,value,ci95,n,source_json,json_path,code,sha256_16,path_status
C1,T2,PE investment raises the monthly hiring hazard by 16%.,1.1593,"[1.083, 1.2409]",48853,harness30/out/I02.json,estimates.panelB_cloglog.tp.HR,P014_upgrade_package/harness30/i02_hazard.py,9bec5b3c6d1a92d8,GO
C2,T2,The 12-month hiring rate rises by 4.9 percentage points.,0.0485,"[0.0163, 0.0814]",367,harness30/out/I35.json,estimates.canonical.A1_hire_DiD.est,P014_upgrade_package/harness30/i35_canonical.py,829ec3501911b2de,PARTIAL
C3,T2,The share of months with no hiring falls by 4.6 percentage points.,-0.046,"[-0.0665, -0.0246]",348,harness30/out/I35.json,estimates.canonical.A4_zero_share.est,P014_upgrade_package/harness30/i35_canonical.py,829ec3501911b2de,PARTIAL
C4,T2,Separations do not change; a change as large as the hiring effect is excluded.,0.0007,"[-0.0353, 0.0398]",367,harness30/out/I35.json,estimates.canonical.A5_separation.est,P014_upgrade_package/harness30/i35_canonical.py,829ec3501911b2de,PARTIAL
C5,T2,Both margins rise; the extensive margin accounts for ~61% of the log increase.,0.608,,,harness30/out/I35.json,estimates.canonical.B5_extensive_share_log,P014_upgrade_package/harness30/i35_canonical.py,829ec3501911b2de,PARTIAL
C5a,T2,Extensive margin (log).,0.1011,"[0.0544, 0.1496]",358,harness30/out/I35.json,estimates.canonical.B3_dlogp.est,P014_upgrade_package/harness30/i35_canonical.py,829ec3501911b2de,PARTIAL
C5b,T2,Intensive margin (log).,0.0652,"[0.0074, 0.1242]",358,harness30/out/I35.json,estimates.canonical.B4_dlogi.est,P014_upgrade_package/harness30/i35_canonical.py,829ec3501911b2de,PARTIAL
C5c,T2,Intensive margin (level) is at the significance boundary.,0.0048,"[-0.0001, 0.0102]",364,harness30/out/I35.json,estimates.canonical.B2_di.est,P014_upgrade_package/harness30/i35_canonical.py,829ec3501911b2de,PARTIAL
C6,F1,Pre-treatment quarters are flat; the effect appears from quarter 2 and plateaus.,0.038,"[0.0136, 0.0613]",251,harness30/out/I32.json,estimates.panelB_quarterly_ES.year_means.Y1.b,P014_upgrade_package/harness30/i32_decay.py,8f9111f0dfbef6e7,PARTIAL
C7,F1,The effect persists through year 3 without decay.,-0.062,"[-0.0928, -0.0313]",251,harness30/out/I32.json,estimates.panelA_by_year.Y3.DiD,P014_upgrade_package/harness30/i32_decay.py,8f9111f0dfbef6e7,PARTIAL
C7a,F1,Year-1 minus Year-3 difference is not significant (no decay).,-0.0241,"[-0.051, 0.0027]",,harness30/out/I32.json,estimates.panelB_quarterly_ES.Y1_minus_Y3.diff,P014_upgrade_package/harness30/i32_decay.py,8f9111f0dfbef6e7,PARTIAL
C8,T3,The effect is concentrated in firms that were previously inert (T3 minus T1).,-0.0958,"[-0.1566, -0.0357]",,harness30/out/I35.json,estimates.canonical.C1_samebin.T3_T1.est,P014_upgrade_package/harness30/i35_canonical.py,829ec3501911b2de,PARTIAL
C8a,T3,High-inertia tercile effect.,-0.111,"[-0.159, -0.0567]",92,harness30/out/I35.json,estimates.canonical.C1_samebin.T3.est,P014_upgrade_package/harness30/i35_canonical.py,829ec3501911b2de,PARTIAL
C8b,T3,Low-inertia tercile effect is not distinguishable from zero.,-0.0152,"[-0.0459, 0.0149]",112,harness30/out/I35.json,estimates.canonical.C1_samebin.T1.est,P014_upgrade_package/harness30/i35_canonical.py,829ec3501911b2de,PARTIAL
C9,T3,The moderator is significant in the hazard model.,1.204,"[1.0205, 1.4205]",,harness30/out/I25.json,estimates.panelD_hazard_triple.tp_hi.HR,P014_upgrade_package/harness30/i25_pre_inertia.py,81b0bbb5458fb618,GO
C10,T3,Mean reversion is excluded: high-inertia never-treated firms through the same pipeline yield zero.,-0.0017,,200,harness30/out/I31.json,estimates.panelA_conditional_placebo.null_mean,P014_upgrade_package/harness30/i31_inertia_placebo.py,a5dcadbac1efd617,GO
C10a,T3,Randomization-inference p-value for the conditional placebo.,0,,,harness30/out/I31.json,estimates.panelA_conditional_placebo.RI_p,P014_upgrade_package/harness30/i31_inertia_placebo.py,a5dcadbac1efd617,GO
C11,T4,The effect does not depend on control transfer (buyout vs growth).,-0.0011,"[-0.0421, 0.0396]",,harness30/out/I16.json,estimates.panelA_type_battery.diff.무채용비중.diff,P014_upgrade_package/harness30/i16_dealtype.py,3ef4016c9c768c62,KILL
C12,T4,The effect does not scale with the acquired stake.,-5.3e-05,"[-0.0005, 0.0003]",209,harness30/out/I14.json,estimates.panelC_dose.continuous_slope.slope_per_pct,P014_upgrade_package/harness30/i14_shareholder_dose.py,ba4a2d7b3f3126fd,GO
C13,T4,Sponsor identity does not predict the effect (leave-one-out).,0.0703,"[-0.3711, 0.3426]",213,harness30/out/I17.json,estimates.panelC_loo_prediction.loo_beta,P014_upgrade_package/harness30/i17_gp_style.py,b632c3fba784d71b,KILL
C13a,T4,Permutation p-value for the sponsor component.,0.2785,,,harness30/out/I17.json,estimates.panelC_loo_prediction.perm_p,P014_upgrade_package/harness30/i17_gp_style.py,b632c3fba784d71b,KILL
C14,T4,Firms whose cash fell show the same effect as those whose cash rose.,0.0079,"[-0.0551, 0.0671]",,harness30/out/I21.json,estimates.panelC_conditional.C3−C1.diff,P014_upgrade_package/harness30/i21_cash_lead.py,af40d73edc2c03ab,KILL
C15,T5,The adjustment threshold does not move (no reduction in adjustment cost).,-0.0013,"[-0.0038, 0.0011]",326,harness30/out/I03.json,estimates.panelC_trigger_gap_band.DiD,P014_upgrade_package/harness30/i03_ss_band.py,22891bdf3f9e4233,KILL
C16,T5,The largest gap tolerated without adjusting falls.,-0.0258,"[-0.0416, -0.0095]",367,harness30/out/I03.json,estimates.panelD_max_gap_censored.DiD,P014_upgrade_package/harness30/i03_ss_band.py,22891bdf3f9e4233,KILL
C17,T5,Average wages rise even as employment grows; new hires are not cheap labour.,0.0096,"[0.0039, 0.0154]",346,harness30/out/I22.json,estimates.panelA_wage_emp.log_wage.DiD,P014_upgrade_package/harness30/i22_wage_structure.py,676118594120b8b7,GO
C17a,T5,Implied marginal wage of new hires is indistinguishable from controls.,0.0086,"[-0.1383, 0.1585]",182,harness30/out/I22.json,estimates.panelB_marginal_wage_ratio.DiD.DiD,P014_upgrade_package/harness30/i22_wage_structure.py,676118594120b8b7,GO
C18,T5,Value added rises proportionally with employment.,0.0778,"[0.0296, 0.1294]",147,harness30/out/I04c.json,estimates.panelA_value_added.log_va|h1.DiD,P014_upgrade_package/harness30/i04c_valueadded.py,9d14728ca1e8278f,PARTIAL
C18a,T5,Value added per worker is unchanged; a 10% change is excluded.,-0.0052,"[-0.0333, 0.0261]",147,harness30/out/I04c.json,estimates.panelA_value_added.va_pe|h1.DiD,P014_upgrade_package/harness30/i04c_valueadded.py,9d14728ca1e8278f,PARTIAL
C19,T6,The result survives differential trends up to two-thirds of the largest pre-period movement.,0.658,,,harness30/out/I11.json,estimates.S4_quarterly_premean.Mbar,P014_upgrade_package/harness30/i11_honestdid.py,38466875096ffa88,PARTIAL
C20,T6,"[SUPERSEDED -> Table 7 hazard from specification (4), 1.2881] The effect is larger where the sponsor faced deployment pressure, opposite to selection.",1.2512,"[1.0307, 1.5188]",,harness30/out/I15.json,estimates.panelD_hazard_triple.tp_hi.HR,P014_upgrade_package/harness30/i15_fund_pressure.py,99b589ae30bc01ac,SUPERSEDED
C21,T6,The effect holds in the subsample whose deal year is independently confirmed.,-0.0645,"[-0.1145, -0.0163]",62,harness30/out/I14.json,estimates.panelE_validated_subsample.confirmed.zero_DiD,P014_upgrade_package/harness30/i14_shareholder_dose.py,ba4a2d7b3f3126fd,GO
C22,T6,"Employment level also rises in high-inertia firms (conditional-placebo null range shown in the CI column, not a confidence interval).",0.1423,"[-0.0602, 0.0613]",200,harness30/out/I33.json,estimates.T3_conditional_placebo.level(rel12).actual_T3,P014_upgrade_package/harness30/i33_linchpin.py,f8ab8e22b0db866c,GO
C22a,T6,Randomization-inference p for the level outcome under the conditional placebo.,0,,,harness30/out/I33.json,estimates.T3_conditional_placebo.level(rel12).RI_p,P014_upgrade_package/harness30/i33_linchpin.py,f8ab8e22b0db866c,GO
C23,T1,Time aggregation: the inaction object is not measurable annually.,0.003,"[-0.0101, 0.0172]",348,harness30/out/I01.json,estimates.panelA_inaction_by_block.12.DiD,P014_upgrade_package/harness30/i01_timeagg.py,5034e7c9878a359a,GO
C24,T4,"Log hiring rate, bottom dormancy tercile.",0.0269,,128,harness30/out/I40.json,estimates.panelA_log_moderator.lrate.T1,P014_upgrade_package/harness30/i40_salvage.py,928e09da54e19b5a,GO
C25,T4,"Log hiring rate, top dormancy tercile.",0.3741,,94,harness30/out/I40.json,estimates.panelA_log_moderator.lrate.T3,P014_upgrade_package/harness30/i40_salvage.py,928e09da54e19b5a,GO
C26,T4,The dormancy gradient in the log hiring rate.,0.3472,"[0.1678, 0.55]",,harness30/out/I40.json,estimates.panelA_log_moderator.lrate.diff,P014_upgrade_package/harness30/i40_salvage.py,928e09da54e19b5a,GO
C27,T4,"Level hiring rate, bottom tercile (ceiling check: proportional expansion predicts the opposite).",-0.011,,,harness30/out/I40.json,estimates.panelA_log_moderator.rate.T1,P014_upgrade_package/harness30/i40_salvage.py,928e09da54e19b5a,GO
C28,T4,"Level hiring rate, top tercile.",0.1397,,,harness30/out/I40.json,estimates.panelA_log_moderator.rate.T3,P014_upgrade_package/harness30/i40_salvage.py,928e09da54e19b5a,GO
C29,T4,"Pre-deal hiring rate, bottom tercile.",0.5028,,,harness30/out/I40.json,estimates.panelA_log_moderator.pre_rate_T1,P014_upgrade_package/harness30/i40_salvage.py,928e09da54e19b5a,GO
C29a,T4,"Pre-deal hiring rate, top tercile.",0.3342,,,harness30/out/I40.json,estimates.panelA_log_moderator.pre_rate_T3,P014_upgrade_package/harness30/i40_salvage.py,928e09da54e19b5a,GO
C30,T4,Gradient under a quartile cut.,0.3834,"[0.1551, 0.6148]",,harness30/out/I41.json,estimates.panelC_cutoffs.quartile 25/75.diff,P014_upgrade_package/harness30/i41_moderator_defense.py,4a59cb84983ecef0,GO
C31,T4,"Gradient, top quartile against the rest.",0.2724,"[0.0772, 0.4699]",,harness30/out/I41.json,estimates.panelC_cutoffs.상위25% vs 나머지.diff,P014_upgrade_package/harness30/i41_moderator_defense.py,4a59cb84983ecef0,GO
C32,T4,Gradient under a median split.,0.2005,"[0.0584, 0.3622]",,harness30/out/I41.json,estimates.panelC_cutoffs.중앙값 분할.diff,P014_upgrade_package/harness30/i41_moderator_defense.py,4a59cb84983ecef0,GO
C33,T4,Continuous dormancy slope.,0.5259,"[0.2436, 0.8257]",301,harness30/out/I41.json,estimates.panelA_continuous.linear.slope,P014_upgrade_package/harness30/i41_moderator_defense.py,4a59cb84983ecef0,GO
C34,T4,Length of the spell in progress at closing does not carry the gradient.,0.0403,"[-0.0156, 0.1073]",,harness30/out/I41.json,estimates.panelD_transitory_vs_structural.current_spell.slope,P014_upgrade_package/harness30/i41_moderator_defense.py,4a59cb84983ecef0,GO
C35,T4,Structural (historical) inactivity carries the gradient.,0.559,"[0.2408, 0.8853]",,harness30/out/I41.json,estimates.panelD_transitory_vs_structural.historical.slope,P014_upgrade_package/harness30/i41_moderator_defense.py,4a59cb84983ecef0,GO
C36,OA,Residualizing dormancy on covariates leaves the sign but not the detection.,0.2433,"[-0.2213, 0.7226]",301,harness30/out/I41.json,estimates.panelB_residualized.resid_slope.slope,P014_upgrade_package/harness30/i41_moderator_defense.py,4a59cb84983ecef0,GO
C37,OA,"Conditioning on log pre-deal total hires reverses the gradient (reported, not claimed).",-0.3812,"[-0.7682, -0.047]",301,harness30/out/I41.json,estimates.panelE_given_preN.inaction_given_preN.coef,P014_upgrade_package/harness30/i41_moderator_defense.py,4a59cb84983ecef0,GO
C38,T4,"Conditional placebo, top tercile: treated value (null range in the CI column).",0.4177,"[-0.2092, 0.2526]",200,harness30/out/I42.json,estimates.results.T3 고관성.actual,P014_upgrade_package/harness30/i42_placebo_lograte.py,37c78dabd67610a6,GO
C38a,T4,"Conditional placebo, top tercile: placebo mean.",0.0101,,,harness30/out/I42.json,estimates.results.T3 고관성.null_mean,P014_upgrade_package/harness30/i42_placebo_lograte.py,37c78dabd67610a6,GO
C38b,T4,"Randomization-inference p, top tercile.",0,,,harness30/out/I42.json,estimates.results.T3 고관성.RI_p,P014_upgrade_package/harness30/i42_placebo_lograte.py,37c78dabd67610a6,GO
C39,T4,"Conditional placebo, gradient: treated value (null range in the CI column).",0.4015,"[-0.212, 0.2691]",,harness30/out/I42.json,estimates.results.T3−T1 기울기.actual,P014_upgrade_package/harness30/i42_placebo_lograte.py,37c78dabd67610a6,GO
C39a,T4,"Conditional placebo, gradient: placebo mean.",0.0141,,,harness30/out/I42.json,estimates.results.T3−T1 기울기.null_mean,P014_upgrade_package/harness30/i42_placebo_lograte.py,37c78dabd67610a6,GO
C39b,T4,"Randomization-inference p, gradient.",0.005,,,harness30/out/I42.json,estimates.results.T3−T1 기울기.RI_p,P014_upgrade_package/harness30/i42_placebo_lograte.py,37c78dabd67610a6,GO
C40,T4,"Conditional placebo, bottom tercile sits inside its own null.",0.0162,"[-0.1146, 0.1169]",200,harness30/out/I42.json,estimates.results.T1 저관성.actual,P014_upgrade_package/harness30/i42_placebo_lograte.py,37c78dabd67610a6,GO
C40a,T4,"Randomization-inference p, bottom tercile.",0.34,,,harness30/out/I42.json,estimates.results.T1 저관성.RI_p,P014_upgrade_package/harness30/i42_placebo_lograte.py,37c78dabd67610a6,GO
C41,T6,Share of no-hire months: actual change.,-0.0466,"[-0.0675, -0.027]",346,harness30/out/I38.json,estimates.panelA_excess.actual.DiD,P014_upgrade_package/harness30/i38_excess_zeros.py,1c0e40e53a4c6ffc,KILL
C41a,T6,Share of no-hire months: change implied by the volume increase alone.,-0.0518,"[-0.0699, -0.0326]",,harness30/out/I38.json,estimates.panelA_excess.expected_uniform.DiD,P014_upgrade_package/harness30/i38_excess_zeros.py,1c0e40e53a4c6ffc,KILL
C42,T6,"Excess no-hire months, over and above the volume benchmark.",0.0052,"[-0.0082, 0.0189]",346,harness30/out/I38.json,estimates.panelA_excess.excess_uniform.DiD,P014_upgrade_package/harness30/i38_excess_zeros.py,1c0e40e53a4c6ffc,KILL
C43,T6,Excess longest no-hire spell.,0.0122,"[-0.133, 0.1608]",346,harness30/out/I39.json,estimates.ms.excess.DiD,P014_upgrade_package/harness30/i39_spell_benchmark.py,05147d43c9080766,KILL
C44,T6,Excess concentration of hiring across months.,0.0061,"[-0.0064, 0.019]",342,harness30/out/I39.json,estimates.hhi.excess.DiD,P014_upgrade_package/harness30/i39_spell_benchmark.py,05147d43c9080766,KILL
C44a,OA,Excess share in the two busiest months (equivalence fails at the knife edge).,0.0086,"[-0.0082, 0.025]",342,harness30/out/I39.json,estimates.t2.excess.DiD,P014_upgrade_package/harness30/i39_spell_benchmark.py,05147d43c9080766,KILL
C45,T6,Excess no-hire share over a 36-month window.,0.0088,"[-0.0058, 0.022]",180,harness30/out/I40.json,estimates.panelB_36m_clustering.x.DiD,P014_upgrade_package/harness30/i40_salvage.py,928e09da54e19b5a,GO
C45a,T6,Excess longest spell over a 36-month window.,0.2971,"[-0.1173, 0.7272]",,harness30/out/I40.json,estimates.panelB_36m_clustering.xms.DiD,P014_upgrade_package/harness30/i40_salvage.py,928e09da54e19b5a,GO
C46,OA,The dormancy gradient does not appear in the excess.,0.0032,"[-0.0321, 0.0365]",,harness30/out/I38.json,estimates.panelC_by_inertia.T3_T1_excess.diff,P014_upgrade_package/harness30/i38_excess_zeros.py,1c0e40e53a4c6ffc,KILL
C47,T5,"Control transfer: buyout minus growth, log hiring rate.",0.0941,"[-0.05, 0.237]",,harness30/out/I43.json,estimates.panelA_deal_type.diff,P014_upgrade_package/harness30/i43_invariance_lograte.py,57ac89b90acbed58,PARTIAL
C48,T5,"Acquired stake: slope per percentage point, log hiring rate.",0.000598,"[-0.0011, 0.0025]",208,harness30/out/I43.json,estimates.panelB_stake_dose.linear.slope,P014_upgrade_package/harness30/i43_invariance_lograte.py,57ac89b90acbed58,PARTIAL
C49,T5,"Majority minus minority stake, log hiring rate.",0.1162,"[-0.0857, 0.3171]",,harness30/out/I43.json,estimates.panelB_stake_dose.majority_vs_minority.diff,P014_upgrade_package/harness30/i43_invariance_lograte.py,57ac89b90acbed58,PARTIAL
C50,T5,"Sponsor identity: leave-one-out prediction, log hiring rate.",-0.3588,"[-0.7583, -0.0434]",210,harness30/out/I43.json,estimates.panelC_gp_loo.loo_beta,P014_upgrade_package/harness30/i43_invariance_lograte.py,57ac89b90acbed58,PARTIAL
C50a,T5,"Permutation p for the sponsor component, log hiring rate.",0.988,,,harness30/out/I43.json,estimates.panelC_gp_loo.perm_p,P014_upgrade_package/harness30/i43_invariance_lograte.py,57ac89b90acbed58,PARTIAL
C51,T5,"Sponsor experience: top minus bottom tercile, log hiring rate.",0.0842,"[-0.094, 0.2642]",,harness30/out/I43.json,estimates.panelD_gp_experience.E3_E1.diff,P014_upgrade_package/harness30/i43_invariance_lograte.py,57ac89b90acbed58,PARTIAL
C52,T3,Employment is 8.8% higher twelve months after the transaction.,0.0878,"[0.0462, 0.13]",367,harness30/out/I35.json,estimates.canonical.A2_rel12.est,P014_upgrade_package/harness30/i35_canonical.py,829ec3501911b2de,PARTIAL
C53,OA,Untreated control firms as pseudo-events: dormancy slope (should be zero).,0.0189,"[-0.0973, 0.1349]",1339,harness30/out/I44.json,estimates.panelB_untreated_replication.dorm_alone.coef,P014_upgrade_package/harness30/i44_state_variable.py,0b60364cce3e4ae0,GO
C54,T4,Untreated pseudo-event placebo: dormant minus active (compare with the headline gradient).,0.0137,"[-0.0648, 0.0872]",1339,harness30/out/I44.json,estimates.panelB_untreated_replication.dormant_minus_active.diff,P014_upgrade_package/harness30/i44_state_variable.py,0b60364cce3e4ae0,GO
C55,OA,The conditional sign reversal is reproduced among untreated firms.,-0.4502,"[-0.6766, -0.244]",291,harness30/out/I44.json,estimates.panelB_untreated_replication.dorm_given_preN.coef,P014_upgrade_package/harness30/i44_state_variable.py,0b60364cce3e4ae0,GO
C56,OA,Regressing the outcome on pre-deal volume measured in the outcome's own base window.,-0.205,"[-0.2753, -0.1386]",,harness30/out/I44.json,estimates.panelA_mechanical.y_on_near.coef,P014_upgrade_package/harness30/i44_state_variable.py,0b60364cce3e4ae0,GO
C57,OA,The same regression with a non-overlapping window.,-0.1275,"[-0.1883, -0.0649]",,harness30/out/I44.json,estimates.panelA_mechanical.y_on_far.coef,P014_upgrade_package/harness30/i44_state_variable.py,0b60364cce3e4ae0,GO
C58,T4,Convergent validity: share of no-hire months.,0.3472,"[0.1607, 0.5313]",301,harness30/out/I44.json,estimates.panelC_convergent_validity.dorm.dormant_minus_active.diff,P014_upgrade_package/harness30/i44_state_variable.py,0b60364cce3e4ae0,GO
C59,T4,Convergent validity: log total pre-deal hires.,0.3713,"[0.1669, 0.5622]",301,harness30/out/I44.json,estimates.panelC_convergent_validity.lN.dormant_minus_active.diff,P014_upgrade_package/harness30/i44_state_variable.py,0b60364cce3e4ae0,GO
C60,T4,Convergent validity: longest pre-deal no-hire spell.,0.2605,"[0.0671, 0.4451]",301,harness30/out/I44.json,estimates.panelC_convergent_validity.mspell.dormant_minus_active.diff,P014_upgrade_package/harness30/i44_state_variable.py,0b60364cce3e4ae0,GO
C61,T4,Convergent validity: log pre-deal hiring rate (at the boundary).,0.1676,"[-0.0052, 0.3573]",301,harness30/out/I44.json,estimates.panelC_convergent_validity.lr.dormant_minus_active.diff,P014_upgrade_package/harness30/i44_state_variable.py,0b60364cce3e4ae0,GO
C62,T4,Dormancy survives conditioning on pre-deal employment growth (scale account).,0.4099,"[0.0778, 0.7534]",256,harness30/out/I44.json,estimates.panelD_scale_vs_release.dorm.coef,P014_upgrade_package/harness30/i44_state_variable.py,0b60364cce3e4ae0,GO
C63,T4,Pre-deal employment growth is not detected on its own.,-0.3663,"[-0.8015, 0.0994]",,harness30/out/I44.json,estimates.panelD_scale_vs_release.growth_alone.coef,P014_upgrade_package/harness30/i44_state_variable.py,0b60364cce3e4ae0,GO
C64,T5,Buyout targets are more dormant than growth targets (composition).,0.0948,,,harness30/out/I45.json,estimates.panelA_composition.dorm_buyout_vs_growth,P014_upgrade_package/harness30/i45_power_invariance.py,c5e11cb7385c698b,PARTIAL
C65,T5,"Deal type, common sample, unadjusted.",0.1218,"[-0.0494, 0.2776]",,harness30/out/I45.json,estimates.panelB_covariate_adjusted.deal_type.raw.diff,P014_upgrade_package/harness30/i45_power_invariance.py,c5e11cb7385c698b,PARTIAL
C66,T5,"Deal type, covariate-adjusted.",0.0475,"[-0.1062, 0.1958]",,harness30/out/I45.json,estimates.panelB_covariate_adjusted.deal_type.adjusted.diff,P014_upgrade_package/harness30/i45_power_invariance.py,c5e11cb7385c698b,PARTIAL
C67,T5,"Majority minus minority, covariate-adjusted.",0.0397,"[-0.1761, 0.2674]",,harness30/out/I45.json,estimates.panelB_covariate_adjusted.stake_maj_min.adjusted.diff,P014_upgrade_package/harness30/i45_power_invariance.py,c5e11cb7385c698b,PARTIAL
C68,T5,"Sponsor experience, covariate-adjusted.",0.0692,"[-0.1278, 0.2609]",,harness30/out/I45.json,estimates.panelB_covariate_adjusted.gp_experience.adjusted.diff,P014_upgrade_package/harness30/i45_power_invariance.py,c5e11cb7385c698b,PARTIAL
C69,T5,"Acquired stake slope, covariate-adjusted.",0.000703,"[-0.0015, 0.0027]",181,harness30/out/I45.json,estimates.panelB_covariate_adjusted.stake_slope.adjusted.slope,P014_upgrade_package/harness30/i45_power_invariance.py,c5e11cb7385c698b,PARTIAL
C70,T5,Deal characteristics jointly explain this share of the variance in responses.,0.0092,,180,harness30/out/I45.json,estimates.panelC_joint_test.r2_deal,P014_upgrade_package/harness30/i45_power_invariance.py,c5e11cb7385c698b,PARTIAL
C70a,T5,Permutation p for the joint explanatory power of deal characteristics.,0.6425,,,harness30/out/I45.json,estimates.panelC_joint_test.perm_p_deal,P014_upgrade_package/harness30/i45_power_invariance.py,c5e11cb7385c698b,PARTIAL
C71,T5,Pre-deal dormancy alone explains this share of the variance.,0.0286,,180,harness30/out/I45.json,estimates.panelC_joint_test.r2_state,P014_upgrade_package/harness30/i45_power_invariance.py,c5e11cb7385c698b,PARTIAL
C71a,T5,Permutation p for pre-deal dormancy.,0.025,,,harness30/out/I45.json,estimates.panelC_joint_test.perm_p_state,P014_upgrade_package/harness30/i45_power_invariance.py,c5e11cb7385c698b,PARTIAL
C72,T5,Incremental variance from adding deal characteristics on top of dormancy.,0.0068,,,harness30/out/I45.json,estimates.panelC_joint_test.incremental_deal_over_state,P014_upgrade_package/harness30/i45_power_invariance.py,c5e11cb7385c698b,PARTIAL
C72a,T5,Incremental variance from adding dormancy on top of deal characteristics.,0.0261,,,harness30/out/I45.json,estimates.panelC_joint_test.incremental_state_over_deal,P014_upgrade_package/harness30/i45_power_invariance.py,c5e11cb7385c698b,PARTIAL
C73,T5,Out-of-sample R2 of deal characteristics (five-fold cross-fitting).,-0.0269,,180,harness30/out/I45.json,estimates.panelD_oos_prediction.oos_r2_deal,P014_upgrade_package/harness30/i45_power_invariance.py,c5e11cb7385c698b,PARTIAL
C74,T5,Out-of-sample R2 of pre-deal dormancy.,-0.0168,,,harness30/out/I45.json,estimates.panelD_oos_prediction.oos_r2_state,P014_upgrade_package/harness30/i45_power_invariance.py,c5e11cb7385c698b,PARTIAL
C75,T5,"Out-of-sample difference, dormancy minus deal characteristics.",0.0101,"[-0.0349, 0.1173]",,harness30/out/I45.json,estimates.panelD_oos_prediction.state_minus_deal,P014_upgrade_package/harness30/i45_power_invariance.py,c5e11cb7385c698b,PARTIAL
C76,T5,"Sponsor leave-one-out, common sample.",-0.2675,,189,harness30/out/I45.json,estimates.panelE_gp_loo_robustness.loo_raw,P014_upgrade_package/harness30/i45_power_invariance.py,c5e11cb7385c698b,PARTIAL
C76a,OA,Sponsor leave-one-out after winsorising at 5/95.,-0.2387,,,harness30/out/I45.json,estimates.panelE_gp_loo_robustness.loo_winsor_5_95,P014_upgrade_package/harness30/i45_power_invariance.py,c5e11cb7385c698b,PARTIAL
C76b,OA,Sponsor leave-one-out after dropping the five most influential events.,-0.1751,,,harness30/out/I45.json,estimates.panelE_gp_loo_robustness.loo_drop_top5,P014_upgrade_package/harness30/i45_power_invariance.py,c5e11cb7385c698b,PARTIAL
C77,T4,"State gradient in the log hiring rate, primary specification (winsorized 5/95).",0.4827,,301,harness30/out/I53.json,estimates.specs.main_winsor_5_95.observed,P014_upgrade_package/harness30/i53_randomization.py,8a0d17843ae7b963,GO
C77a,T4,Randomization null mean for the primary specification.,0.1173,"[-0.2041, 0.4592]",2000,harness30/out/I53.json,estimates.specs.main_winsor_5_95.null_mean,P014_upgrade_package/harness30/i53_randomization.py,8a0d17843ae7b963,GO
C77b,T4,"Randomization-inference p-value, primary specification.",0.0175,,,harness30/out/I53.json,estimates.specs.main_winsor_5_95.RI_p_corrected,P014_upgrade_package/harness30/i53_randomization.py,8a0d17843ae7b963,GO
C77c,T4,Standardized distance of the observed gradient from the null.,2.2,,,harness30/out/I53.json,estimates.specs.main_winsor_5_95.z,P014_upgrade_package/harness30/i53_randomization.py,8a0d17843ae7b963,GO
C77d,T4,"Null standard deviation, primary specification.",0.1664,,,harness30/out/I53.json,estimates.specs.main_winsor_5_95.null_sd,P014_upgrade_package/harness30/i53_randomization.py,8a0d17843ae7b963,GO
C78,T4,"Gradient, unwinsorized.",0.565,,,harness30/out/I53.json,estimates.specs.raw.observed,P014_upgrade_package/harness30/i53_randomization.py,8a0d17843ae7b963,GO
C78a,T4,"Randomization-inference p, unwinsorized.",0.0275,,,harness30/out/I53.json,estimates.specs.raw.RI_p_corrected,P014_upgrade_package/harness30/i53_randomization.py,8a0d17843ae7b963,GO
C78b,T4,"Null mean, unwinsorized.",0.1388,,,harness30/out/I53.json,estimates.specs.raw.null_mean,P014_upgrade_package/harness30/i53_randomization.py,8a0d17843ae7b963,GO
C78c,T4,"Null SD, unwinsorized.",0.2117,,,harness30/out/I53.json,estimates.specs.raw.null_sd,P014_upgrade_package/harness30/i53_randomization.py,8a0d17843ae7b963,GO
C79,T4,"Gradient, winsorized 1/99.",0.5468,,,harness30/out/I53.json,estimates.specs.winsor_1_99.observed,P014_upgrade_package/harness30/i53_randomization.py,8a0d17843ae7b963,GO
C79a,T4,"Randomization-inference p, winsorized 1/99.",0.019,,,harness30/out/I53.json,estimates.specs.winsor_1_99.RI_p_corrected,P014_upgrade_package/harness30/i53_randomization.py,8a0d17843ae7b963,GO
C79b,T4,"Null mean, winsorized 1/99.",0.1256,,,harness30/out/I53.json,estimates.specs.winsor_1_99.null_mean,P014_upgrade_package/harness30/i53_randomization.py,8a0d17843ae7b963,GO
C79c,T4,"Null SD, winsorized 1/99.",0.197,,,harness30/out/I53.json,estimates.specs.winsor_1_99.null_sd,P014_upgrade_package/harness30/i53_randomization.py,8a0d17843ae7b963,GO
C80,T4,"Gradient, winsorized 10/90.",0.4282,,,harness30/out/I53.json,estimates.specs.winsor_10_90.observed,P014_upgrade_package/harness30/i53_randomization.py,8a0d17843ae7b963,GO
C80a,T4,"Randomization-inference p, winsorized 10/90.",0.016,,,harness30/out/I53.json,estimates.specs.winsor_10_90.RI_p_corrected,P014_upgrade_package/harness30/i53_randomization.py,8a0d17843ae7b963,GO
C80b,T4,"Null mean, winsorized 10/90.",0.1064,,,harness30/out/I53.json,estimates.specs.winsor_10_90.null_mean,P014_upgrade_package/harness30/i53_randomization.py,8a0d17843ae7b963,GO
C80c,T4,"Null SD, winsorized 10/90.",0.1445,,,harness30/out/I53.json,estimates.specs.winsor_10_90.null_sd,P014_upgrade_package/harness30/i53_randomization.py,8a0d17843ae7b963,GO
C81,T4,Gradient using hires implied by the accounting identity.,0.2786,,,harness30/out/I53.json,estimates.specs.implied_hires.observed,P014_upgrade_package/harness30/i53_randomization.py,8a0d17843ae7b963,GO
C81a,T4,"Randomization-inference p, implied hires.",0.0565,,,harness30/out/I53.json,estimates.specs.implied_hires.RI_p_corrected,P014_upgrade_package/harness30/i53_randomization.py,8a0d17843ae7b963,GO
C81b,T4,"Null mean, implied hires.",0.055,,,harness30/out/I53.json,estimates.specs.implied_hires.null_mean,P014_upgrade_package/harness30/i53_randomization.py,8a0d17843ae7b963,GO
C81c,T4,"Null SD, implied hires.",0.139,,,harness30/out/I53.json,estimates.specs.implied_hires.null_sd,P014_upgrade_package/harness30/i53_randomization.py,8a0d17843ae7b963,GO
C82,T4,"Treated minus placebo gradient, bootstrap interval.",0.3626,"[0.0042, 0.7631]",321,harness30/out/I52.json,estimates.panelA_main.diff,P014_upgrade_package/harness30/i52_headline_final.py,088ae91853a4ca3f,GO
C82a,T4,Placebo pseudo-events used to build the null.,1373,,,harness30/out/I52.json,estimates.panelA_main.n_placebo,P014_upgrade_package/harness30/i52_headline_final.py,088ae91853a4ca3f,GO
C83,T4,Minimum detectable gradient against the randomization null (80% power).,0.4138,,,harness30/out/I54.json,estimates.panelAB_ri.hire_rate.MDE_RI_80,P014_upgrade_package/harness30/i54_limits.py,1d943a939fe53318,GO
C83a,T4,Observed excess over the randomization null.,0.3655,,,harness30/out/I54.json,estimates.panelAB_ri.hire_rate.excess_over_null,P014_upgrade_package/harness30/i54_limits.py,1d943a939fe53318,GO
C83b,T4,"Minimum detectable treated-placebo difference, bootstrap basis.",0.5425,,,harness30/out/I54.json,estimates.panelC_power.bootstrap_MDE_from_I52,P014_upgrade_package/harness30/i54_limits.py,1d943a939fe53318,GO
C84,T4,Adjusted slope on the pre-deal hiring rate (FWL).,0.565,"[0.2098, 0.9676]",301,harness30/out/I47.json,estimates.panelA_fwl_adjusted.neg_log_rate.slope_adj_fwl.slope,P014_upgrade_package/harness30/i47_state_final.py,5b52a8954ca84ac4,GO
C84a,T4,"Adjusted tercile contrast, pre-deal hiring rate.",0.2153,"[0.0259, 0.3915]",,harness30/out/I47.json,estimates.panelA_fwl_adjusted.neg_log_rate.tercile_adj.diff,P014_upgrade_package/harness30/i47_state_final.py,5b52a8954ca84ac4,GO
C84b,T4,"Adjusted quartile contrast, pre-deal hiring rate.",0.2151,"[0.0297, 0.4248]",,harness30/out/I47.json,estimates.panelA_fwl_adjusted.neg_log_rate.quartile_adj.diff,P014_upgrade_package/harness30/i47_state_final.py,5b52a8954ca84ac4,GO
C84c,T4,"Adjusted median-split contrast, pre-deal hiring rate.",0.1879,"[0.0313, 0.332]",,harness30/out/I47.json,estimates.panelA_fwl_adjusted.neg_log_rate.median_adj.diff,P014_upgrade_package/harness30/i47_state_final.py,5b52a8954ca84ac4,GO
C85,T4,"[SUPERSEDED -> E01k (I-65 Panel F, corrected design)] Effect of an interquartile move in the state variable.",0.1593,"[0.0591, 0.2727]",,harness30/out/I47.json,estimates.panelB_iqr_effect.neg_log_rate.effect_per_iqr_adj,P014_upgrade_package/harness30/i47_state_final.py,5b52a8954ca84ac4,SUPERSEDED
C86,OA,Adjusted slope on the share of no-hire months (does not survive adjustment).,0.3522,"[-0.0792, 0.8285]",,harness30/out/I47.json,estimates.panelA_fwl_adjusted.dormancy.slope_adj_fwl.slope,P014_upgrade_package/harness30/i47_state_final.py,5b52a8954ca84ac4,GO
C87,OA,"State measured two years earlier, months -36 to -25.",0.2518,"[-0.2014, 0.6512]",256,harness30/out/I47.json,estimates.panelC_far_window.neg_log_rate.slope_adj_fwl.slope,P014_upgrade_package/harness30/i47_state_final.py,5b52a8954ca84ac4,GO
C88,OA,Correlation between no-hire share and log hiring volume in the state window.,-0.8542,,,harness30/out/I46.json,estimates.panelA_horserace.corr,P014_upgrade_package/harness30/i46_state_vs_volume.py,e4da972b6286c6d8,PARTIAL
C89,T4,"[SUPERSEDED -> D09d (I-57, corrected design)] Employment gradient (window-to-window log employment).",-0.0292,,305,harness30/out/I55.json,estimates.panelAB_by_outcome.emp.observed,P014_upgrade_package/harness30/i55_reallocation.py,2cfc89c5d0ccf2e6,SUPERSEDED
C89a,T4,"[SUPERSEDED -> D09e (I-57, corrected design)] Null mean for the employment gradient.",0.085,,,harness30/out/I55.json,estimates.panelAB_by_outcome.emp.null_mean,P014_upgrade_package/harness30/i55_reallocation.py,2cfc89c5d0ccf2e6,SUPERSEDED
C89b,T4,"[SUPERSEDED -> D09h-D09j (I-57, corrected design)] Separation gradient.",0.2128,,,harness30/out/I55.json,estimates.panelAB_by_outcome.sep.observed,P014_upgrade_package/harness30/i55_reallocation.py,2cfc89c5d0ccf2e6,SUPERSEDED
C89c,T4,"[SUPERSEDED -> D09h-D09j (I-57, corrected design)] Randomization-inference p for the separation gradient.",0.2534,,,harness30/out/I55.json,estimates.panelAB_by_outcome.sep.RI_p_upper,P014_upgrade_package/harness30/i55_reallocation.py,2cfc89c5d0ccf2e6,SUPERSEDED
C89d,T4,"[SUPERSEDED -> D09h-D09j (I-57, corrected design)] Gross-flow gradient.",0.2807,,,harness30/out/I55.json,estimates.panelAB_by_outcome.gross.observed,P014_upgrade_package/harness30/i55_reallocation.py,2cfc89c5d0ccf2e6,SUPERSEDED
C89e,T4,"[SUPERSEDED -> D09h-D09j (I-57, corrected design)] Randomization-inference p for the gross-flow gradient.",0.0815,,,harness30/out/I55.json,estimates.panelAB_by_outcome.gross.RI_p_upper,P014_upgrade_package/harness30/i55_reallocation.py,2cfc89c5d0ccf2e6,SUPERSEDED
C89f,T4,"[SUPERSEDED -> D09h-D09j (I-57, corrected design)] Net-inflow gradient.",0.0834,,,harness30/out/I55.json,estimates.panelAB_by_outcome.net.observed,P014_upgrade_package/harness30/i55_reallocation.py,2cfc89c5d0ccf2e6,SUPERSEDED
C89g,T4,"[SUPERSEDED -> D09h-D09j (I-57, corrected design)] Randomization-inference p for the net-inflow gradient.",0.3013,,,harness30/out/I55.json,estimates.panelAB_by_outcome.net.RI_p_upper,P014_upgrade_package/harness30/i55_reallocation.py,2cfc89c5d0ccf2e6,SUPERSEDED
C90,T4,[SUPERSEDED -> C90n] Relative employment gradient at 12 months.,-0.0564,,,harness30/out/I55_employment_horizons.json,estimates.h12.observed,"P014_upgrade_package/harness30/(inline, 원장 §41-3)",,SUPERSEDED
C90a,T4,[SUPERSEDED -> C90an] Relative employment gradient at 24 months.,-0.0208,,,harness30/out/I55_employment_horizons.json,estimates.h24.observed,"P014_upgrade_package/harness30/(inline, 원장 §41-3)",,SUPERSEDED
C90b,T4,[SUPERSEDED -> C90bn] Relative employment gradient at 36 months.,-0.1199,,,harness30/out/I55_employment_horizons.json,estimates.h36.observed,"P014_upgrade_package/harness30/(inline, 원장 §41-3)",,SUPERSEDED
C91,T1,Sample flow: firms with no pension link.,168,,,harness30/out/I48.json,estimates.panelA_sample_flow.drop_no_nps_link,P014_upgrade_package/harness30/i48_construct_validity.py,95fb36dd76f6f715,PARTIAL
C91a,T1,Sample flow: firms without a complete pre-deal window.,120,,,harness30/out/I48.json,estimates.panelA_sample_flow.drop_insufficient_pre_window,P014_upgrade_package/harness30/i48_construct_validity.py,95fb36dd76f6f715,PARTIAL
C91b,T1,Sample flow: firms with fewer than five insured employees.,75,,,harness30/out/I48.json,estimates.panelA_sample_flow.drop_employment_lt5,P014_upgrade_package/harness30/i48_construct_validity.py,95fb36dd76f6f715,PARTIAL
C91c,T1,Sample flow: firms with no eligible control cell.,10,,,harness30/out/I48.json,estimates.panelA_sample_flow.drop_no_control_cell,P014_upgrade_package/harness30/i48_construct_validity.py,95fb36dd76f6f715,PARTIAL
C92,T6,Stock-flow reconciliation: median relative discrepancy.,0.01418,,227339,harness30/out/I48.json,estimates.panelB_stock_flow.rel_error_median,P014_upgrade_package/harness30/i48_construct_validity.py,95fb36dd76f6f715,PARTIAL
C92a,T6,Stock-flow: 90th percentile of the relative discrepancy.,0.07143,,,harness30/out/I48.json,estimates.panelB_stock_flow.rel_error_p90,P014_upgrade_package/harness30/i48_construct_validity.py,95fb36dd76f6f715,PARTIAL
C92b,T6,Stock-flow: share of months reconciling exactly.,0.2434,,,harness30/out/I48.json,estimates.panelB_stock_flow.exact_zero_share,P014_upgrade_package/harness30/i48_construct_validity.py,95fb36dd76f6f715,PARTIAL
C92c,T6,Stock-flow: median absolute discrepancy in workers.,1,,,harness30/out/I48.json,estimates.panelB_stock_flow.median_abs_error,P014_upgrade_package/harness30/i48_construct_validity.py,95fb36dd76f6f715,PARTIAL
C93,T6,Treated relative discrepancy before the deal.,0.02771,,,harness30/out/I48.json,"estimates.panelB_stock_flow.treated_profile.pre[-12,-1].mean_rel_error",P014_upgrade_package/harness30/i48_construct_validity.py,95fb36dd76f6f715,PARTIAL
C93a,T6,Treated relative discrepancy in the deal month.,0.0358,,,harness30/out/I48.json,"estimates.panelB_stock_flow.treated_profile.deal[0,0].mean_rel_error",P014_upgrade_package/harness30/i48_construct_validity.py,95fb36dd76f6f715,PARTIAL
C93b,T6,Treated relative discrepancy after the deal.,0.03132,,,harness30/out/I48.json,"estimates.panelB_stock_flow.treated_profile.post[1,12].mean_rel_error",P014_upgrade_package/harness30/i48_construct_validity.py,95fb36dd76f6f715,PARTIAL
C94,T6,Gradient excluding months whose discrepancy exceeds 10 percent.,0.3118,"[-0.0784, 0.7155]",288,harness30/out/I48.json,estimates.panelC_exclusions.exclude_rel_gt_10pct.slope_adj,P014_upgrade_package/harness30/i48_construct_validity.py,95fb36dd76f6f715,PARTIAL
C94a,T6,Gradient excluding months whose discrepancy exceeds 5 percent.,0.5441,"[-0.1059, 1.1829]",231,harness30/out/I48.json,estimates.panelC_exclusions.exclude_rel_gt_5pct.slope_adj,P014_upgrade_package/harness30/i48_construct_validity.py,95fb36dd76f6f715,PARTIAL
C94b,T6,Gradient excluding high-turnover months.,0.4883,"[0.1017, 0.8502]",300,harness30/out/I48.json,estimates.panelC_exclusions.exclude_churn_gt_50pct.slope_adj,P014_upgrade_package/harness30/i48_construct_validity.py,95fb36dd76f6f715,PARTIAL
C94c,T6,Gradient excluding firms whose registered workplace count changes.,0.5571,"[0.1596, 0.9299]",299,harness30/out/I48.json,estimates.panelD_site_change.excluded.slope_adj,P014_upgrade_package/harness30/i48_construct_validity.py,95fb36dd76f6f715,PARTIAL
C94d,T6,Treated firms whose registered workplace count changes.,3,,,harness30/out/I48.json,estimates.panelD_site_change.n_treated_with_site_change,P014_upgrade_package/harness30/i48_construct_validity.py,95fb36dd76f6f715,PARTIAL
C95,T7,"[SUPERSEDED -> E01h/C98 (I-65, corrected 286-event design)] Distinct control firms used across events.",1328,,301,harness30/out/I49.json,estimates.panelA_reuse.n_unique_controls,P014_upgrade_package/harness30/i49_reuse_and_finance.py,3896da5bcf05b001,SUPERSEDED
C95a,T7,"[SUPERSEDED -> E01h/C98 (I-65, corrected 286-event design)] Share of control firms used exactly once.",0.9473,,,harness30/out/I49.json,estimates.panelA_reuse.share_used_once,P014_upgrade_package/harness30/i49_reuse_and_finance.py,3896da5bcf05b001,SUPERSEDED
C95b,T7,"[SUPERSEDED -> E01h/C98 (I-65, corrected 286-event design)] Maximum number of events a single control firm serves.",2,,,harness30/out/I49.json,estimates.panelA_reuse.max_reuse,P014_upgrade_package/harness30/i49_reuse_and_finance.py,3896da5bcf05b001,SUPERSEDED
C95c,T7,"[SUPERSEDED -> E01h/C98 (I-65, corrected 286-event design)] Gradient with the bootstrap clustered on control firms.",0.5624,"[0.1828, 0.9395]",,harness30/out/I49.json,estimates.panelB_clustering.cluster_control_firm.slope,P014_upgrade_package/harness30/i49_reuse_and_finance.py,3896da5bcf05b001,SUPERSEDED
C95d,T7,"[SUPERSEDED -> E01h/C98 (I-65, corrected 286-event design)] Gradient with each control firm assigned to at most one event.",0.5627,"[0.1801, 0.9466]",301,harness30/out/I49.json,estimates.panelC_exclusive_controls.slope.slope,P014_upgrade_package/harness30/i49_reuse_and_finance.py,3896da5bcf05b001,SUPERSEDED
C95e,T7,"[SUPERSEDED -> E01h/C98 (I-65, corrected 286-event design)] Conservative two-way interval.",0.5624,"[0.184, 0.9408]",,harness30/out/I49.json,estimates.panelB_clustering.cluster_event.slope,P014_upgrade_package/harness30/i49_reuse_and_finance.py,3896da5bcf05b001,SUPERSEDED
C96,OA,Free-lag specification: placebo baseline.,-0.4357,"[-0.5952, -0.2735]",,harness30/out/I51.json,estimates.specs.자유 lag (ANCOVA).placebo.coef,P014_upgrade_package/harness30/i51_spec_adjudication.py,e258eff4a53fae75,PARTIAL
C96a,OA,Free-lag specification: treated value.,-0.0523,"[-0.3854, 0.246]",,harness30/out/I51.json,estimates.specs.자유 lag (ANCOVA).treated.coef,P014_upgrade_package/harness30/i51_spec_adjudication.py,e258eff4a53fae75,PARTIAL
C96b,OA,Free-lag specification: treated minus placebo.,0.3834,"[0.0291, 0.7377]",,harness30/out/I51.json,estimates.specs.자유 lag (ANCOVA).diff,P014_upgrade_package/harness30/i51_spec_adjudication.py,e258eff4a53fae75,PARTIAL
C97,T1,Median employment among targets entering the matched design.,79.8,,379,harness30/out/I48.json,estimates.panelE_in_vs_out.included.median_employment,P014_upgrade_package/harness30/i48_construct_validity.py,95fb36dd76f6f715,PARTIAL
C97a,T1,Median employment among targets not entering the design.,135.6,,373,harness30/out/I48.json,estimates.panelE_in_vs_out.excluded.median_employment,P014_upgrade_package/harness30/i48_construct_validity.py,95fb36dd76f6f715,PARTIAL
D01,T4,"State gradient, corrected design (state-balanced matching, mirror placebo).",0.7101,,286,harness30/out/I58.json,estimates.panelA_common_sample.balanced_full.observed,P014_upgrade_package/harness30/i58_design_audit.py,e48198afd57ca2a7,GO
D01a,T4,"Randomization null mean, corrected design.",0.1013,,,harness30/out/I58.json,estimates.panelA_common_sample.balanced_full.null_mean,P014_upgrade_package/harness30/i58_design_audit.py,e48198afd57ca2a7,GO
D01b,T4,"Randomization null SD, corrected design.",0.1509,,,harness30/out/I58.json,estimates.panelA_common_sample.balanced_full.null_sd,P014_upgrade_package/harness30/i58_design_audit.py,e48198afd57ca2a7,GO
D01c,T4,"Randomization-inference p, corrected design.",0.0005,,,harness30/out/I58.json,estimates.panelA_common_sample.balanced_full.RI_p,P014_upgrade_package/harness30/i58_design_audit.py,e48198afd57ca2a7,GO
D01d,T4,"Standardized distance from the null, corrected design.",4.04,,,harness30/out/I58.json,estimates.panelA_common_sample.balanced_full.z,P014_upgrade_package/harness30/i58_design_audit.py,e48198afd57ca2a7,GO
D02,T4,"State gradient, previous design (state-unbalanced matching).",0.4827,,301,harness30/out/I58.json,estimates.panelA_common_sample.current_full.observed,P014_upgrade_package/harness30/i58_design_audit.py,e48198afd57ca2a7,GO
D02a,T4,"Null mean, previous design.",0.1239,,,harness30/out/I58.json,estimates.panelA_common_sample.current_full.null_mean,P014_upgrade_package/harness30/i58_design_audit.py,e48198afd57ca2a7,GO
D02b,T4,"Randomization-inference p, previous design.",0.0165,,,harness30/out/I58.json,estimates.panelA_common_sample.current_full.RI_p,P014_upgrade_package/harness30/i58_design_audit.py,e48198afd57ca2a7,GO
D02c,T4,"Standardized distance, previous design.",2.19,,,harness30/out/I58.json,estimates.panelA_common_sample.current_full.z,P014_upgrade_package/harness30/i58_design_audit.py,e48198afd57ca2a7,GO
D03,T4,Previous design on the common sample.,0.4698,,286,harness30/out/I58.json,estimates.panelA_common_sample.current_common.observed,P014_upgrade_package/harness30/i58_design_audit.py,e48198afd57ca2a7,GO
D03a,T4,"Standardized distance, previous design on the common sample.",2.07,,,harness30/out/I58.json,estimates.panelA_common_sample.current_common.z,P014_upgrade_package/harness30/i58_design_audit.py,e48198afd57ca2a7,GO
D03b,T4,Corrected design on the common sample.,0.7101,,,harness30/out/I58.json,estimates.panelA_common_sample.balanced_common.observed,P014_upgrade_package/harness30/i58_design_audit.py,e48198afd57ca2a7,GO
D03c,T4,"Standardized distance, corrected design on the common sample.",3.91,,,harness30/out/I58.json,estimates.panelA_common_sample.balanced_common.z,P014_upgrade_package/harness30/i58_design_audit.py,e48198afd57ca2a7,GO
D04,T4,"Decomposition: treated firms' own gradient, previous design.",0.8425,,,harness30/out/I58.json,estimates.panelD_decomposition.current.own,P014_upgrade_package/harness30/i58_design_audit.py,e48198afd57ca2a7,GO
D04a,T4,"Decomposition: treated firms' own gradient, corrected design.",0.8425,,,harness30/out/I58.json,estimates.panelD_decomposition.balanced.own,P014_upgrade_package/harness30/i58_design_audit.py,e48198afd57ca2a7,GO
D04b,T4,"Decomposition: control-group gradient, previous design.",0.295,,,harness30/out/I58.json,estimates.panelD_decomposition.current.control_mean,P014_upgrade_package/harness30/i58_design_audit.py,e48198afd57ca2a7,GO
D04c,T4,"Decomposition: control-group gradient, corrected design.",0.0056,,,harness30/out/I58.json,estimates.panelD_decomposition.balanced.control_mean,P014_upgrade_package/harness30/i58_design_audit.py,e48198afd57ca2a7,GO
D05,T7,"Counterfactual placebo: control change on treated state, previous design.",0.3106,,,harness30/out/I58_control_contamination.json,estimates.현행.joint_treated_S,,,OK
D05a,T7,"Counterfactual placebo: control change on treated state, corrected design.",0.0351,,,harness30/out/I58_control_contamination.json,estimates.상태균형.joint_treated_S,,,OK
D05b,T7,"Control change on its own state, previous design.",0.1736,,,harness30/out/I58_control_contamination.json,estimates.현행.joint_own_S,,,OK
D05c,T7,"Control change on its own state, corrected design.",0.2237,,,harness30/out/I58_control_contamination.json,estimates.상태균형.joint_own_S,,,OK
D05d,T7,"Correlation between treated and control state, previous design.",0.3659,,,harness30/out/I58_control_contamination.json,estimates.현행.corr_St_So,,,OK
D05e,T7,"Correlation between treated and control state, corrected design.",0.7614,,,harness30/out/I58_control_contamination.json,estimates.상태균형.corr_St_So,,,OK
D06,T1,"Normalized difference in the state, previous design.",-0.0362,,,harness30/out/I58.json,estimates.panelB_state_balance.current.normalized_difference,P014_upgrade_package/harness30/i58_design_audit.py,e48198afd57ca2a7,GO
D06a,T1,"Normalized difference in the state, corrected design.",-0.0078,,,harness30/out/I58.json,estimates.panelB_state_balance.balanced.normalized_difference,P014_upgrade_package/harness30/i58_design_audit.py,e48198afd57ca2a7,GO
D07,T4,Gradient in the log number of hires (numerator only).,0.6315,,286,harness30/out/I59.json,estimates.lN.observed,,,OK
D07a,T4,Null mean for the log hire count.,0.1795,,,harness30/out/I59.json,estimates.lN.null_mean,,,OK
D07b,T4,"Standardized distance, log hire count.",2.56,,,harness30/out/I59.json,estimates.lN.z,,,OK
D07c,T4,"Two-sided randomization p, log hire count. (two-sided; reported for reference, not featured)",0.014,,,harness30/out/I59.json,estimates.lN.p_two,,,OK
D08,T4,Log hire count controlling for the change in employment.,0.6957,,286,harness30/out/I59.json,estimates.lN_ctrlE.observed,,,OK
D08a,T4,"Null mean, hire count controlling employment.",0.0363,,,harness30/out/I59.json,estimates.lN_ctrlE.null_mean,,,OK
D08b,T4,"Standardized distance, hire count controlling employment.",4.2,,,harness30/out/I59.json,estimates.lN_ctrlE.z,,,OK
D08c,T4,"Two-sided randomization p, hire count controlling employment. (two-sided; reported for reference, not featured)",0.002,,,harness30/out/I59.json,estimates.lN_ctrlE.p_two,,,OK
D09,T4,"Hiring-rate gradient, corrected design.",0.7101,,286,harness30/out/I57.json,estimates.panelB_outcomes.hire.observed,P014_upgrade_package/harness30/i57_reallocation2.py,64b7adc3790218f4,GO
D09a,T4,"Churn gradient, corrected design.",0.3816,,288,harness30/out/I57.json,estimates.panelB_outcomes.churn.observed,P014_upgrade_package/harness30/i57_reallocation2.py,64b7adc3790218f4,GO
D09b,T4,"Standardized distance, churn.",3.08,,,harness30/out/I57.json,estimates.panelB_outcomes.churn.z,P014_upgrade_package/harness30/i57_reallocation2.py,64b7adc3790218f4,GO
D09c,T4,"Two-sided p, churn.",0.002,,,harness30/out/I57.json,estimates.panelB_outcomes.churn.RI_p_two_sided,P014_upgrade_package/harness30/i57_reallocation2.py,64b7adc3790218f4,GO
D09d,T4,"Employment gradient, corrected design.",-0.058,,289,harness30/out/I57.json,estimates.panelB_outcomes.emp.observed,P014_upgrade_package/harness30/i57_reallocation2.py,64b7adc3790218f4,GO
D09e,T4,"Null mean, employment gradient.",0.0796,,,harness30/out/I57.json,estimates.panelB_outcomes.emp.null_mean,P014_upgrade_package/harness30/i57_reallocation2.py,64b7adc3790218f4,GO
D09f,T4,"Standardized distance, employment.",-2.6,,,harness30/out/I57.json,estimates.panelB_outcomes.emp.z,P014_upgrade_package/harness30/i57_reallocation2.py,64b7adc3790218f4,GO
D09g,T4,"Two-sided p, employment.",0.007,,,harness30/out/I57.json,estimates.panelB_outcomes.emp.RI_p_two_sided,P014_upgrade_package/harness30/i57_reallocation2.py,64b7adc3790218f4,GO
D09h,T4,"Separation gradient, corrected design.",0.1788,,281,harness30/out/I57.json,estimates.panelB_outcomes.sep.observed,P014_upgrade_package/harness30/i57_reallocation2.py,64b7adc3790218f4,GO
D09i,T4,"Standardized distance, separations.",1.17,,,harness30/out/I57.json,estimates.panelB_outcomes.sep.z,P014_upgrade_package/harness30/i57_reallocation2.py,64b7adc3790218f4,GO
D09j,T4,"Two-sided p, separations.",0.2349,,,harness30/out/I57.json,estimates.panelB_outcomes.sep.RI_p_two_sided,P014_upgrade_package/harness30/i57_reallocation2.py,64b7adc3790218f4,GO
D10,T4,Paired contrast: hiring minus employment gradient.,0.7536,,286,harness30/out/I57.json,estimates.panelC_paired.채용 − 고용.observed,P014_upgrade_package/harness30/i57_reallocation2.py,64b7adc3790218f4,GO
D10a,T4,Null mean for the paired hiring-minus-employment contrast.,0.0232,,,harness30/out/I57.json,estimates.panelC_paired.채용 − 고용.null_mean,P014_upgrade_package/harness30/i57_reallocation2.py,64b7adc3790218f4,GO
D10b,T4,"Standardized distance, paired hiring minus employment.",4.56,,,harness30/out/I57.json,estimates.panelC_paired.채용 − 고용.z,P014_upgrade_package/harness30/i57_reallocation2.py,64b7adc3790218f4,GO
D10c,T4,Paired contrast: churn minus employment.,0.4539,,,harness30/out/I57.json,estimates.panelC_paired.churn − 고용.observed,P014_upgrade_package/harness30/i57_reallocation2.py,64b7adc3790218f4,GO
D10d,T4,"Standardized distance, churn minus employment.",4.19,,,harness30/out/I57.json,estimates.panelC_paired.churn − 고용.z,P014_upgrade_package/harness30/i57_reallocation2.py,64b7adc3790218f4,GO
D10e,T4,Paired contrast: hiring minus separations.,0.5746,,,harness30/out/I57.json,estimates.panelC_paired.채용 − 이직.observed,P014_upgrade_package/harness30/i57_reallocation2.py,64b7adc3790218f4,GO
D10f,T4,"Two-sided p, hiring minus separations.",0.043,,,harness30/out/I57.json,estimates.panelC_paired.채용 − 이직.RI_p_two_sided,P014_upgrade_package/harness30/i57_reallocation2.py,64b7adc3790218f4,GO
D11,OA,Split-sample IV estimate of the state gradient.,1.2497,,286,harness30/out/I56.json,estimates.panelD_split_iv.iv,P014_upgrade_package/harness30/i56_efficiency.py,01c68bf9ee8bf16a,GO
D11a,OA,"Attenuation ratio, OLS over IV.",0.437,,,harness30/out/I56.json,estimates.panelD_split_iv.attenuation_ratio,P014_upgrade_package/harness30/i56_efficiency.py,01c68bf9ee8bf16a,GO
D11b,OA,Randomization p for the split-sample IV.,0.0215,,,harness30/out/I56.json,estimates.panelD_split_iv.iv_RI_p,P014_upgrade_package/harness30/i56_efficiency.py,01c68bf9ee8bf16a,GO
D11c,OA,Correlation between the two half-window state measures.,0.5736,,,harness30/out/I56.json,estimates.panelD_split_iv.corr_halves,P014_upgrade_package/harness30/i56_efficiency.py,01c68bf9ee8bf16a,GO
D12,OA,State measured over a 24-month window.,0.3883,,244,harness30/out/I56.json,"estimates.panelC_state_window.24개월 [−36,−13].observed",P014_upgrade_package/harness30/i56_efficiency.py,01c68bf9ee8bf16a,GO
D12a,OA,"Randomization p, 24-month state window.",0.0115,,,harness30/out/I56.json,"estimates.panelC_state_window.24개월 [−36,−13].RI_p",P014_upgrade_package/harness30/i56_efficiency.py,01c68bf9ee8bf16a,GO
D12b,OA,Precision-weighted gradient.,0.3458,,,harness30/out/I56.json,estimates.panelE_weighting.precision_weighted.observed,P014_upgrade_package/harness30/i56_efficiency.py,01c68bf9ee8bf16a,GO
D12c,OA,"Randomization p, precision weighted.",0.0155,,,harness30/out/I56.json,estimates.panelE_weighting.precision_weighted.RI_p,P014_upgrade_package/harness30/i56_efficiency.py,01c68bf9ee8bf16a,GO
D12d,OA,Gradient adding deal-year fixed effects.,0.6779,,,harness30/out/I56.json,estimates.panelF_covariates.plus_year.observed,P014_upgrade_package/harness30/i56_efficiency.py,01c68bf9ee8bf16a,GO
D12e,OA,"Randomization p, deal-year fixed effects.",0.001,,,harness30/out/I56.json,estimates.panelF_covariates.plus_year.RI_p,P014_upgrade_package/harness30/i56_efficiency.py,01c68bf9ee8bf16a,GO
D13,OA,Level net-inflow gradient (denominator-contaminated; diagnostic only).,0.1718,,289,harness30/out/I57_levels.json,estimates.net.observed,,,OK
D13a,OA,Level hire-rate gradient.,0.2631,,,harness30/out/I57_levels.json,estimates.h_rate.observed,,,OK
D13b,OA,Level separation-rate gradient.,0.0944,,,harness30/out/I57_levels.json,estimates.s_rate.observed,,,OK
D13c,OA,Accounting identity check: hire minus separation versus direct net.,-0.0031,,,harness30/out/I57_levels.json,estimates.identity_check.gap,,,OK
D14,OA,Hazard triple interaction under the corrected design (imprecise).,1.5074,"[0.871, 2.6087]",1199,harness30/out/I57.json,estimates.panelA_hazard_triple.연속 S.HR,P014_upgrade_package/harness30/i57_reallocation2.py,64b7adc3790218f4,GO
E01,T4,"Gradient, primary specification (winsorized 5/95), corrected design. The ci95 column is the placebo null 95% range, not an interval on the estimate; see E01h.",0.7101,"[-0.1835, 0.4082]",286,harness30/out/I60.json,estimates.specs.winsor_5_95.observed,P014_upgrade_package/harness30/i60_speccurve.py,e0629d8634e450c1,GO
E01a,T4,"Null mean, primary.",0.101,,,harness30/out/I60.json,estimates.specs.winsor_5_95.null_mean,P014_upgrade_package/harness30/i60_speccurve.py,e0629d8634e450c1,GO
E01b,T4,"Null SD, primary.",0.1538,,,harness30/out/I60.json,estimates.specs.winsor_5_95.null_sd,P014_upgrade_package/harness30/i60_speccurve.py,e0629d8634e450c1,GO
E01c,T4,"Randomization p, primary.",0.0005,,,harness30/out/I60.json,estimates.specs.winsor_5_95.RI_p,P014_upgrade_package/harness30/i60_speccurve.py,e0629d8634e450c1,GO
E01d,T4,"Standardized distance, primary.",3.96,,,harness30/out/I60.json,estimates.specs.winsor_5_95.z,P014_upgrade_package/harness30/i60_speccurve.py,e0629d8634e450c1,GO
E01e,T4,"Excess over the null, primary.",0.6091,,,harness30/out/I60.json,estimates.specs.winsor_5_95.excess,P014_upgrade_package/harness30/i60_speccurve.py,e0629d8634e450c1,GO
E01f,T4,"Minimum detectable gradient, randomization basis.",0.3826,,,harness30/out/I60.json,estimates.specs.winsor_5_95.MDE_RI_80,P014_upgrade_package/harness30/i60_speccurve.py,e0629d8634e450c1,GO
E02,T4,"Gradient, unwinsorized.",0.837,,,harness30/out/I60.json,estimates.specs.raw.observed,P014_upgrade_package/harness30/i60_speccurve.py,e0629d8634e450c1,GO
E02a,T4,"Null mean, unwinsorized.",0.1216,,,harness30/out/I60.json,estimates.specs.raw.null_mean,P014_upgrade_package/harness30/i60_speccurve.py,e0629d8634e450c1,GO
E02b,T4,"Null SD, unwinsorized.",0.1808,,,harness30/out/I60.json,estimates.specs.raw.null_sd,P014_upgrade_package/harness30/i60_speccurve.py,e0629d8634e450c1,GO
E02c,T4,"Randomization p, unwinsorized.",0.0005,,,harness30/out/I60.json,estimates.specs.raw.RI_p,P014_upgrade_package/harness30/i60_speccurve.py,e0629d8634e450c1,GO
E03,T4,"Gradient, winsorized 1/99.",0.8157,,,harness30/out/I60.json,estimates.specs.winsor_1_99.observed,P014_upgrade_package/harness30/i60_speccurve.py,e0629d8634e450c1,GO
E03a,T4,"Null mean, 1/99.",0.1141,,,harness30/out/I60.json,estimates.specs.winsor_1_99.null_mean,P014_upgrade_package/harness30/i60_speccurve.py,e0629d8634e450c1,GO
E03b,T4,"Null SD, 1/99.",0.1712,,,harness30/out/I60.json,estimates.specs.winsor_1_99.null_sd,P014_upgrade_package/harness30/i60_speccurve.py,e0629d8634e450c1,GO
E03c,T4,"Randomization p, 1/99.",0.001,,,harness30/out/I60.json,estimates.specs.winsor_1_99.RI_p,P014_upgrade_package/harness30/i60_speccurve.py,e0629d8634e450c1,GO
E04,T4,"Gradient, winsorized 10/90.",0.6339,,,harness30/out/I60.json,estimates.specs.winsor_10_90.observed,P014_upgrade_package/harness30/i60_speccurve.py,e0629d8634e450c1,GO
E04a,T4,"Null mean, 10/90.",0.0959,,,harness30/out/I60.json,estimates.specs.winsor_10_90.null_mean,P014_upgrade_package/harness30/i60_speccurve.py,e0629d8634e450c1,GO
E04b,T4,"Null SD, 10/90.",0.1359,,,harness30/out/I60.json,estimates.specs.winsor_10_90.null_sd,P014_upgrade_package/harness30/i60_speccurve.py,e0629d8634e450c1,GO
E04c,T4,"Randomization p, 10/90.",0.0005,,,harness30/out/I60.json,estimates.specs.winsor_10_90.RI_p,P014_upgrade_package/harness30/i60_speccurve.py,e0629d8634e450c1,GO
E05,T4,Gradient using hires implied by the accounting identity.,0.365,,288,harness30/out/I60.json,estimates.specs.implied_hires.observed,P014_upgrade_package/harness30/i60_speccurve.py,e0629d8634e450c1,GO
E05a,T4,"Null mean, implied hires.",0.0601,,,harness30/out/I60.json,estimates.specs.implied_hires.null_mean,P014_upgrade_package/harness30/i60_speccurve.py,e0629d8634e450c1,GO
E05b,T4,"Null SD, implied hires.",0.1388,,,harness30/out/I60.json,estimates.specs.implied_hires.null_sd,P014_upgrade_package/harness30/i60_speccurve.py,e0629d8634e450c1,GO
E05c,T4,"Randomization p, implied hires.",0.0125,,,harness30/out/I60.json,estimates.specs.implied_hires.RI_p,P014_upgrade_package/harness30/i60_speccurve.py,e0629d8634e450c1,GO
E05d,T4,"Standardized distance, implied hires.",2.2,,,harness30/out/I60.json,estimates.specs.implied_hires.z,P014_upgrade_package/harness30/i60_speccurve.py,e0629d8634e450c1,GO
F01,T7,State-gradient pre-trend: mean over the four pre-deal quarters.,-0.0121,"[-0.1633, 0.131]",304,harness30/out/I61.json,estimates.panelB_pre_joint.pre_mean,P014_upgrade_package/harness30/i61_gradient_pretrend.py,e6649983da0e09ff,GO
F01a,T7,Largest absolute pre-deal quarterly gradient.,0.0871,,,harness30/out/I61.json,estimates.panelB_pre_joint.max_abs_pre,P014_upgrade_package/harness30/i61_gradient_pretrend.py,e6649983da0e09ff,GO
F01b,T7,Mean state gradient over the four post-deal quarters.,0.1259,,,harness30/out/I61.json,estimates.panelB_pre_joint.post_mean,P014_upgrade_package/harness30/i61_gradient_pretrend.py,e6649983da0e09ff,GO
F01c,T7,Equivalence bound used for the pre-trend test.,0.1259,,,harness30/out/I61.json,estimates.panelB_pre_joint.SESOI,P014_upgrade_package/harness30/i61_gradient_pretrend.py,e6649983da0e09ff,GO
F02,T7,Pre-deal quarter -4.,0.0871,"[-0.1605, 0.3354]",,harness30/out/I61.json,estimates.panelA_treated_path.q-4.grad,P014_upgrade_package/harness30/i61_gradient_pretrend.py,e6649983da0e09ff,GO
F02a,T7,Pre-deal quarter -3.,-0.0416,"[-0.3299, 0.2241]",,harness30/out/I61.json,estimates.panelA_treated_path.q-3.grad,P014_upgrade_package/harness30/i61_gradient_pretrend.py,e6649983da0e09ff,GO
F02b,T7,Pre-deal quarter -2.,-0.0377,"[-0.2611, 0.1851]",,harness30/out/I61.json,estimates.panelA_treated_path.q-2.grad,P014_upgrade_package/harness30/i61_gradient_pretrend.py,e6649983da0e09ff,GO
F02c,T7,Pre-deal quarter -1.,-0.0564,"[-0.3332, 0.2288]",,harness30/out/I61.json,estimates.panelA_treated_path.q-1.grad,P014_upgrade_package/harness30/i61_gradient_pretrend.py,e6649983da0e09ff,GO
F03,T7,"Post-deal quarter 2, the largest quarterly gradient.",0.2395,"[-0.0321, 0.4948]",,harness30/out/I61.json,estimates.panelA_treated_path.q2.grad,P014_upgrade_package/harness30/i61_gradient_pretrend.py,e6649983da0e09ff,GO
G01,T4,"Joint randomization test on the (hiring, churn, employment) vector: Mahalanobis distance.",28.35,,,harness30/out/I62.json,estimates.panelB_joint.mahalanobis_obs,P014_upgrade_package/harness30/i62_power3.py,a1f30578a9f1550c,GO
G01a,T4,Joint test: 95th percentile of the null Mahalanobis distance.,7.6,,,harness30/out/I62.json,estimates.panelB_joint.mahalanobis_null_p95,P014_upgrade_package/harness30/i62_power3.py,a1f30578a9f1550c,GO
G01b,T4,Joint randomization-inference p.,0.0005,,,harness30/out/I62.json,estimates.panelB_joint.RI_p_joint,P014_upgrade_package/harness30/i62_power3.py,a1f30578a9f1550c,GO
G02,OA,Sample recovery: state window at least 6 of 12 months — gradient.,0.6545,,310,harness30/out/I63.json,estimates.A' 상태창 ≥6개월.observed,P014_upgrade_package/harness30/i63_sample_expansion.py,f40b9f2e89baca27,GO
G02a,OA,Sample recovery: standardized distance.,4.57,,,harness30/out/I63.json,estimates.A' 상태창 ≥6개월.z,P014_upgrade_package/harness30/i63_sample_expansion.py,f40b9f2e89baca27,GO
G02b,OA,Recovered events' mean response.,0.1115,,,harness30/out/I63.json,estimates.A' 상태창 ≥6개월.recovered.eff_new,P014_upgrade_package/harness30/i63_sample_expansion.py,f40b9f2e89baca27,GO
G02c,OA,"Original events' mean response, same design.",0.1945,,,harness30/out/I63.json,estimates.A' 상태창 ≥6개월.recovered.eff_old,P014_upgrade_package/harness30/i63_sample_expansion.py,f40b9f2e89baca27,GO
G03,OA,Attrition: events lacking a fully observed state window.,53,,,harness30/out/I63.json,estimates.attrition.state_window,P014_upgrade_package/harness30/i63_sample_expansion.py,f40b9f2e89baca27,GO
G03a,OA,Attrition: no untreated firm in the state-balanced cell.,17,,,harness30/out/I63.json,estimates.attrition.no_cell,P014_upgrade_package/harness30/i63_sample_expansion.py,f40b9f2e89baca27,GO
G03b,OA,Attrition: no usable outcome window.,22,,,harness30/out/I63.json,estimates.attrition.outcome,P014_upgrade_package/harness30/i63_sample_expansion.py,f40b9f2e89baca27,GO
G04,OA,"Exact tercile, k = 20: standardized distance.",4.12,,,harness30/out/I62.json,estimates.bin_k20.z,P014_upgrade_package/harness30/i62_power3.py,a1f30578a9f1550c,GO
G04a,OA,"Distance metric, k = 20: standardized distance.",2.65,,,harness30/out/I62.json,estimates.dist_k20.z,P014_upgrade_package/harness30/i62_power3.py,a1f30578a9f1550c,GO
H01,T7,Pre-deal state gradient at twelve-month resolution.,0.1068,"[-0.1955, 0.4351]",283,harness30/out/I64.json,estimates.pre_12m.observed,P014_upgrade_package/harness30/i64_pretrend_honest.py,c40984e3e110919e,GO
H02,T7,"Post-deal state gradient, same events and resolution.",0.725,"[0.3259, 1.1081]",,harness30/out/I64.json,estimates.post_12m.observed,P014_upgrade_package/harness30/i64_pretrend_honest.py,c40984e3e110919e,GO
H03,T7,Pre-deal gradient among untreated pseudo-events.,0.391,,,harness30/out/I64.json,estimates.pre_12m.null_mean,P014_upgrade_package/harness30/i64_pretrend_honest.py,c40984e3e110919e,GO
H03a,T7,Standardized distance of the treated pre-deal gradient from the untreated null.,-2.09,,,harness30/out/I64.json,estimates.pre_12m.z,P014_upgrade_package/harness30/i64_pretrend_honest.py,c40984e3e110919e,GO
H03b,T7,"Two-sided randomization p, treated versus untreated pre-deal gradient.",0.051,,,harness30/out/I64.json,estimates.pre_12m.RI_p_two_sided,P014_upgrade_package/harness30/i64_pretrend_honest.py,c40984e3e110919e,GO
H04,T7,"Relative-magnitude breakdown value for the gradient, twelve-month resolution.",3.126,,,harness30/out/I64.json,estimates.honestdid.resolution_12m.Mbar,P014_upgrade_package/harness30/i64_pretrend_honest.py,c40984e3e110919e,GO
H04a,OA,Relative-magnitude breakdown at quarterly resolution (noise-dominated).,0,,,harness30/out/I64.json,estimates.honestdid.resolution_quarterly.Mbar,P014_upgrade_package/harness30/i64_pretrend_honest.py,c40984e3e110919e,GO
H05,T7,Equivalence margin on the binding side.,0.2899,,,harness30/out/I64.json,estimates.equivalence_12m.margin.1,P014_upgrade_package/harness30/i64_pretrend_honest.py,c40984e3e110919e,GO
E01h,T4,"Primary gradient: bootstrap 95% CI, clustered on treated firms.",0.7101,"[0.3187, 1.1254]",286,harness30/out/I65.json,estimates.panelA_firm_cluster.ci95,P014_upgrade_package/harness30/i65_bootci_reuse.py,7375940003805922,GO
E01i,T4,"Primary gradient: bootstrap SD, treated-firm clusters.",0.2039,,,harness30/out/I65.json,estimates.panelA_firm_cluster.boot_sd,P014_upgrade_package/harness30/i65_bootci_reuse.py,7375940003805922,GO
E01j,T4,Primary gradient: bootstrap 95% CI with winsorization cut-offs held at full-sample values.,0.7101,"[0.3162, 1.1008]",,harness30/out/I65.json,estimates.panelB_fixed_cuts.ci95,P014_upgrade_package/harness30/i65_bootci_reuse.py,7375940003805922,GO
E01k,T4,"Effect of an interquartile move in the pre-deal state, corrected design.",0.2005,"[0.09, 0.3177]",286,harness30/out/I65.json,estimates.panelF_magnitude.effect_iqr,P014_upgrade_package/harness30/i65_bootci_reuse.py,7375940003805922,GO
E01l,T4,Interquartile range of the pre-deal state among treated events.,0.2823,,286,harness30/out/I65.json,estimates.panelF_magnitude.S_iqr,P014_upgrade_package/harness30/i65_bootci_reuse.py,7375940003805922,GO
C98,T7,"Distinct control firms used across events, corrected design.",1144,,286,harness30/out/I65.json,estimates.panelC_reuse.n_unique_controls,P014_upgrade_package/harness30/i65_bootci_reuse.py,7375940003805922,GO
C98a,T7,"Share of control firms used exactly once, corrected design.",0.9502,,,harness30/out/I65.json,estimates.panelC_reuse.share_used_once,P014_upgrade_package/harness30/i65_bootci_reuse.py,7375940003805922,GO
C98b,T7,"Maximum number of events a single control firm serves, corrected design.",3,,,harness30/out/I65.json,estimates.panelC_reuse.max_reuse,P014_upgrade_package/harness30/i65_bootci_reuse.py,7375940003805922,GO
C98c,T7,"Gradient interval with the bootstrap clustered on control firms, corrected design.",0.7101,"[0.4595, 0.8771]",,harness30/out/I65.json,estimates.panelD_control_cluster.ci95,P014_upgrade_package/harness30/i65_bootci_reuse.py,7375940003805922,GO
C98d,T7,"Gradient with each control firm assigned to at most one event, corrected design.",0.7036,,286,harness30/out/I65.json,estimates.panelE_one_to_one.observed,P014_upgrade_package/harness30/i65_bootci_reuse.py,7375940003805922,GO
C98e,T7,Conservative interval: wider of the treated-firm and control-firm clusterings.,0.7101,"[0.3187, 1.1254]",286,harness30/out/I65.json,estimates.conservative_union_ci,P014_upgrade_package/harness30/i65_bootci_reuse.py,7375940003805922,GO
S01,T1,"Pension panel coverage, first month.",2015-11,,,harness30/out/I65.json,estimates.panelG_period.panel_first,P014_upgrade_package/harness30/i65_bootci_reuse.py,7375940003805922,GO
S02,T1,"Pension panel coverage, last month.",2026-05,,,harness30/out/I65.json,estimates.panelG_period.panel_last,P014_upgrade_package/harness30/i65_bootci_reuse.py,7375940003805922,GO
S03,T1,Baseline matched design: first deal month.,2016-12,,379,harness30/out/I65.json,estimates.panelG_period.baseline_first_deal_month,P014_upgrade_package/harness30/i65_bootci_reuse.py,7375940003805922,GO
S04,T1,Baseline matched design: last deal month.,2026-06,,379,harness30/out/I65.json,estimates.panelG_period.baseline_last_deal_month,P014_upgrade_package/harness30/i65_bootci_reuse.py,7375940003805922,GO
S05,T1,Primary gradient sample: first deal month.,2017-11,,286,harness30/out/I65.json,estimates.panelG_period.gradient_first_deal_month,P014_upgrade_package/harness30/i65_bootci_reuse.py,7375940003805922,GO
S06,T1,Primary gradient sample: last deal month.,2025-05,,286,harness30/out/I65.json,estimates.panelG_period.gradient_last_deal_month,P014_upgrade_package/harness30/i65_bootci_reuse.py,7375940003805922,GO
H06,T7,Pre-deal gradient with a non-overlapping state window (months -36/-25).,-0.0777,,250,harness30/out/I66.json,estimates.panelA_pretrend_early_state.observed,P014_upgrade_package/harness30/i66_pretrend_zeros.py,bbc7a9f1f1a32a8b,GO
H06a,T7,Placebo null mean for the non-overlapping pre-deal gradient.,0.0993,"[-0.1573, 0.3721]",,harness30/out/I66.json,estimates.panelA_pretrend_early_state.null_mean,P014_upgrade_package/harness30/i66_pretrend_zeros.py,bbc7a9f1f1a32a8b,GO
H06b,T7,Excess of the non-overlapping pre-deal gradient over its null.,-0.177,"[-0.4394, 0.0854]",250,harness30/out/I66.json,estimates.panelA_pretrend_early_state.excess_ci,P014_upgrade_package/harness30/i66_pretrend_zeros.py,bbc7a9f1f1a32a8b,GO
H06c,T7,Two-sided p for the non-overlapping pre-deal gradient.,0.1919,,,harness30/out/I66.json,estimates.panelA_pretrend_early_state.p_two_sided,P014_upgrade_package/harness30/i66_pretrend_zeros.py,bbc7a9f1f1a32a8b,GO
H06d,T7,Equivalence: the non-overlapping pre-deal excess interval lies inside +/-0.7101.,True,,,harness30/out/I66.json,estimates.panelA_pretrend_early_state.equiv_vs_effect_0710,P014_upgrade_package/harness30/i66_pretrend_zeros.py,bbc7a9f1f1a32a8b,GO
E06,T4,"Post-deal gradient with the state measured over months -36/-25, corrected design.",0.2675,"[-0.144, 0.3977]",238,harness30/out/I66.json,estimates.panelB_post_early_state.observed,P014_upgrade_package/harness30/i66_pretrend_zeros.py,bbc7a9f1f1a32a8b,GO
E07,T4,"Gradient in asinh(hires/employment), retaining zero-hire windows.",0.2062,"[0.0654, 0.2951]",289,harness30/out/I66.json,estimates.panelC_asinh.observed,P014_upgrade_package/harness30/i66_pretrend_zeros.py,bbc7a9f1f1a32a8b,GO
E07a,T4,"Two-sided p for the asinh gradient. (two-sided; reported for reference, not featured)",0.002,,,harness30/out/I66.json,estimates.panelC_asinh.p_two_sided,P014_upgrade_package/harness30/i66_pretrend_zeros.py,bbc7a9f1f1a32a8b,GO
E07b,T4,Standardized distance for the asinh gradient.,3.08,,,harness30/out/I66.json,estimates.panelC_asinh.z,P014_upgrade_package/harness30/i66_pretrend_zeros.py,bbc7a9f1f1a32a8b,GO
E08,T4,"Gradient in log1p(hires/employment), retaining zero-hire windows.",0.1623,"[0.0575, 0.2336]",289,harness30/out/I66.json,estimates.panelD_log1p.observed,P014_upgrade_package/harness30/i66_pretrend_zeros.py,bbc7a9f1f1a32a8b,GO
E08a,T4,"Two-sided p for the log1p gradient. (two-sided; reported for reference, not featured)",0.004,,,harness30/out/I66.json,estimates.panelD_log1p.p_two_sided,P014_upgrade_package/harness30/i66_pretrend_zeros.py,bbc7a9f1f1a32a8b,GO
E08b,T4,Standardized distance for the log1p gradient.,3.24,,,harness30/out/I66.json,estimates.panelD_log1p.z,P014_upgrade_package/harness30/i66_pretrend_zeros.py,bbc7a9f1f1a32a8b,GO
E09,T4,Events lost to the positive-hiring requirement of the log specification.,3,,289,harness30/out/I66.json,estimates.panelE_positivity_selection.n_dropped_by_positivity,P014_upgrade_package/harness30/i66_pretrend_zeros.py,bbc7a9f1f1a32a8b,GO
E09a,T4,Share of events lost to the positive-hiring requirement.,0.0104,,,harness30/out/I66.json,estimates.panelE_positivity_selection.share_dropped,P014_upgrade_package/harness30/i66_pretrend_zeros.py,bbc7a9f1f1a32a8b,GO
C90n,T4,"Relative employment gradient at 12 months, corrected design.",-0.0316,"[-0.2853, 0.003]",291,harness30/out/I67.json,estimates.horizons.h12.observed,P014_upgrade_package/harness30/i67_emp_horizons.py,7a45b2ddbf3d9bac,GO
C90nz,T4,"Standardized distance, relative employment at 12 months.",-1.92,,,harness30/out/I67.json,estimates.horizons.h12.z,P014_upgrade_package/harness30/i67_emp_horizons.py,7a45b2ddbf3d9bac,GO
C90np,T4,"Two-sided p, relative employment at 12 months.",0.041,,,harness30/out/I67.json,estimates.horizons.h12.p_two_sided,P014_upgrade_package/harness30/i67_emp_horizons.py,7a45b2ddbf3d9bac,GO
C90an,T4,"Relative employment gradient at 24 months, corrected design.",-0.1616,"[-0.4549, 0.0424]",245,harness30/out/I67.json,estimates.horizons.h24.observed,P014_upgrade_package/harness30/i67_emp_horizons.py,7a45b2ddbf3d9bac,GO
C90anz,T4,"Standardized distance, relative employment at 24 months.",-1.63,,,harness30/out/I67.json,estimates.horizons.h24.z,P014_upgrade_package/harness30/i67_emp_horizons.py,7a45b2ddbf3d9bac,GO
C90anp,T4,"Two-sided p, relative employment at 24 months.",0.095,,,harness30/out/I67.json,estimates.horizons.h24.p_two_sided,P014_upgrade_package/harness30/i67_emp_horizons.py,7a45b2ddbf3d9bac,GO
C90bn,T4,"Relative employment gradient at 36 months, corrected design.",-0.2092,"[-0.6927, -0.0531]",203,harness30/out/I67.json,estimates.horizons.h36.observed,P014_upgrade_package/harness30/i67_emp_horizons.py,7a45b2ddbf3d9bac,GO
C90bnz,T4,"Standardized distance, relative employment at 36 months.",-2.29,,,harness30/out/I67.json,estimates.horizons.h36.z,P014_upgrade_package/harness30/i67_emp_horizons.py,7a45b2ddbf3d9bac,GO
C90bnp,T4,"Two-sided p, relative employment at 36 months.",0.029,,,harness30/out/I67.json,estimates.horizons.h36.p_two_sided,P014_upgrade_package/harness30/i67_emp_horizons.py,7a45b2ddbf3d9bac,GO
R01,F1,Quarterly hiring-rate event path: largest absolute pre-deal quarter.,0.0034,,361,harness30/out/I68.json,estimates.pre_max_abs,P014_upgrade_package/harness30/i68_hiring_rate_es.py,34f11a655469a036,GO
R02,F1,Quarterly hiring-rate event path: first quarter after the deal.,0.0138,"[0.0032, 0.025]",353,harness30/out/I68.json,estimates.beta.q1.b,P014_upgrade_package/harness30/i68_hiring_rate_es.py,34f11a655469a036,GO
R03,F1,Quarterly hiring-rate event path: largest post-deal quarter (q5).,0.0169,"[0.0068, 0.027]",333,harness30/out/I68.json,estimates.beta.q5.b,P014_upgrade_package/harness30/i68_hiring_rate_es.py,34f11a655469a036,GO
R04,F1,Quarterly hiring-rate event path: smallest positive post-deal quarter through q10 (q6).,0.0012,"[-0.0093, 0.0107]",317,harness30/out/I68.json,estimates.beta.q6.b,P014_upgrade_package/harness30/i68_hiring_rate_es.py,34f11a655469a036,GO
R05,F1,Quarterly hiring-rate event path: quarter 11.,-0.0009,"[-0.0117, 0.0104]",265,harness30/out/I68.json,estimates.beta.q11.b,P014_upgrade_package/harness30/i68_hiring_rate_es.py,34f11a655469a036,GO
R06,F1,Quarterly hiring-rate event path: quarter 12.,-0.0047,"[-0.0168, 0.0094]",249,harness30/out/I68.json,estimates.beta.q12.b,P014_upgrade_package/harness30/i68_hiring_rate_es.py,34f11a655469a036,GO
R07,F1,Sum of the first four post-deal quarters (compare Table 3 hiring-rate DiD 0.0485).,0.0482,,353,harness30/out/I68.json,estimates.beta,P014_upgrade_package/harness30/i68_hiring_rate_es.py,34f11a655469a036,GO
R08,F1,Events in the quarterly hiring-rate event path.,361,,361,harness30/out/I68.json,estimates.n_ev,P014_upgrade_package/harness30/i68_hiring_rate_es.py,34f11a655469a036,GO
S07,T1,Baseline matched events with a complete +1..+12 outcome window.,364,,379,harness30/out/I69.json,estimates.panelB_windows.post_window_complete,P014_upgrade_package/harness30/i69_sample_flow.py,44729d87d1d671cd,OK
S08,T1,Baseline matched events whose post-deal window is not yet complete (deals closing after May 2025).,15,,379,harness30/out/I69.json,estimates.panelB_windows.post_window_incomplete,P014_upgrade_package/harness30/i69_sample_flow.py,44729d87d1d671cd,OK
S09,T1,Last deal month with a complete post-deal window.,2025-05,,,harness30/out/I69.json,estimates.panelB_windows.last_deal_month_with_post_window,P014_upgrade_package/harness30/i69_sample_flow.py,44729d87d1d671cd,OK
S10,T1,Events in the conventional (state-unbalanced) heterogeneity design; not a stage of the sample flow.,301,,301,harness30/out/I69.json,estimates.panelC_dates.conventional_design_n,P014_upgrade_package/harness30/i69_sample_flow.py,44729d87d1d671cd,OK
E07c,T3,Upper-tail placebo p for the asinh gradient (featured; directional hypothesis).,0.001,,,harness30/out/I66.json,estimates.panelC_asinh.p_upper,P014_upgrade_package/harness30/i66_pretrend_zeros.py,bbc7a9f1f1a32a8b,GO
E08c,T3,Upper-tail placebo p for the log1p gradient (featured).,0.002,,,harness30/out/I66.json,estimates.panelD_log1p.p_upper,P014_upgrade_package/harness30/i66_pretrend_zeros.py,bbc7a9f1f1a32a8b,GO
E06a,T3,"Upper-tail placebo p, state measured over months -36/-25 (featured).",0.1789,,,harness30/out/I66.json,estimates.panelB_post_early_state.p_upper,P014_upgrade_package/harness30/i66_pretrend_zeros.py,bbc7a9f1f1a32a8b,GO
D07d,T3,"Upper-tail placebo p, log hire count (featured).",0.007,,,harness30/out/I59.json,estimates.lN.p_upper,,,GO
D08d,T3,"Upper-tail placebo p, hire count controlling for the change in employment.",0.001,,,harness30/out/I59.json,estimates.lN_ctrlE.p_upper,,,GO
E01m,T3,Two-sided placebo p for the headline gradient (reference only; the featured upper-tail p is 0.0005).,0.001,,286,harness30/out/I59.json,estimates.lrate.p_two,,,GO
